count,example_snippets,name,top_terms,topic_id
17534,"Grundsätzlich haben wir im Agaplesion Krankenhaus Rotenburg sehr gute Erfahrungen gemacht. Das Personal war freundlich und kompetent, insbesondere die Hebammen und die Kinderstation verdienen ausdrücklich Lob. Fünf Sterne für euch! Zwei … || Für mich null Sterne … Ich wurde letzte Woche mit dem Krankenwagen abgeholt weil es mir nicht gut ging und ich habe ihn nicht gerufen weil ich Langeweile hatte … … || Ich bin an einem Sonntag in die Notaufnahme gekommen. Ein Fall für die Handchirurgie. Ich habe mich von dem ersten Moment an gut aufgehoben gefühlt. …",-1_ich_und_die_der,"ich, und, die, der, das, war, sehr, in, nicht, es, ist, mit",-1
1389,"Die Unfallchirurgie ist ein Witz. Die Ärzte kennen die Werte ihrer Patienten nicht und geben keinerlei Auskünfte über den geplanten Verlauf oder die Entlassung. Zusätzlich werden angeordnete Maßnahmen wie Physio oder Ähnliches nicht weitergeführt. We || Was auffällig war, dass innerhalb der Belegschaft eine durchaus positive Stimmung herrschte. Es wurde gelacht und gescherzt. Diese Stimmung überträgt sich auf den Patienten für den sich auch Zeit genommen wird. Das Personal lässt sich auch nicht von  || Schlechtestes krankenhaus in dem ich jemals war weil jemand anders mit dem Krankenwagen angeholt werden musste wurde ich gleich unnötig mit dem krankenwagen mit hin gefahren der Support ist einfach undurchsichtig und auf probleme die nicht bestehen a",0_nicht_patienten_man_krankenhaus,"nicht, patienten, man, krankenhaus, ist, wird, es, die, das, werden, zu, sind",0
1093,"Wir hatten zur Geburt unserers Kindes einen angemessenen Aufenthalt. Es gab Umstände die jedoch für mich nicht Wertbar sind da ich nicht genug Hintergründe kenne. Die Bisichrigungs Termin sind schwer zu empfehlen und es gibt vieles dazu … || Ein herzliches Dankeschön an Hebamme Wencke Schättiger im Krankenhaus Kreißsaal in Rotenburg. In den schwierigen Momenten meiner Geburt nach Mitternacht waren Sie für mich … || Wir haben uns im Agaplesion Klinikum Schaumburg, sowohl im Kreißsaal als auch auf der Station, rundum wohl und bestens aufgehoben gefühlt. Die Schwestern auf der Station sind unglaublich lieb, herzlich und jederzeit hilfsbereit – man fühlt sich ernst",1_geburt_hebammen_wir_kreißsaal,"geburt, hebammen, wir, kreißsaal, uns, welt, hebamme, und, die, im, haben, ich",1
504,"Ich bin heute am Finger operiert worden. Da ich sehr schlechte Venen habe, war bei allen vorangehenden OP's das legen der Zugänge immer eine Katastrophe. Diesmal möchte ich der Anästhesie, im besonderen Dr Tübben ein großes Dankeschön hier ausspreche || Ich bin in den letzten zwei Monaten nach einem Fahrradsturz zweimal im Bathildiskrankenhaus in Bad Pyrmont an meiner rechten Hand operiert worden. Der Aufenthalt bleibt mir trotz der Operationen in positiver Erinnerung, weil mich das Team der Anästhe || Vor der OP fühlte ich mich besonders in der Anästhesie gut beraten. Starte beruhigt in die Operation.",2_op_sehr_ich_gut,"op, sehr, ich, gut, mich, und, war, dr, operiert, der, wurde, operation",2
408,"Am Wochenende musste ich mit meinen 1,5 jährigen Sohn in die Notaufnahme wegen einer kleinen Platzwunde. Von Anmeldung bis zum Abschluss der Behandlung sind keine 30 min. vergangen. Sicherlich hatten wir Glück, dass nicht so viel los war, … || Die medizinische Versorgung meines minderjährigen Sohnes war in Ordnung. Leider war die Kommunikation sehr unzureichend. Ich wurde weder darüber informiert, dass mein Sohn aus der Narkose erwacht ist, … || Mit Abstand der schlechteste Umgang mit einem Patienten. Waren mit unserem 2 jährigen Sohn mit Überweisung mit Verdacht auf Schädelfraktur in diesem Krankenhaus in der Notaufnahme, da es anders nicht möglich war, musste ich meine beiden …",3_kind_sohn_wir_kinder,"kind, sohn, wir, kinder, fieber, mit, er, stunden, nicht, mein, warten, es",3
392,"Ich möchte meinen aufrichtigen Dank für die hervorragende Betreuung während meines Aufenthalts in Ihrem Krankenhaus nach meiner Wirbelsäulenoperation aussprechen. … || Ich bin äußerst zufrieden mit der Behandlung bei Dr. Omran. Er hat sich viel Zeit für mich genommen, meine Beschwerden ernst genommen und eine gründliche Untersuchung durchgeführt. Seine freundliche und kompetente Art hat mir sofort Vertrauen gegeben || Ein herzliches Dankeschön an die Unfallchirurgie.Meine Op ist sehr gut verlaufen kann dieses Krankenhaus nur weiter empfehlen.",4_dr_dank_möchte_bedanken,"dr, dank, möchte, bedanken, team, für, an, mich, herzlich, vielen, und, bei",4
373,Meine Erfahrung bzw Meinung: Niemals freiwillig! … || Das AKH kann man in 3 Stichpunkten zusammen fassen: -fehlendes Fachwissen -Unfreundlichkeit -Desinteresse || Ohne Worte und dann noch wundern das kein Geld in die Kassen kommen,5_unfreundlich_schlecht_nie_nicht,"unfreundlich, schlecht, nie, nicht, einfach, empfehlen, worte, nur, schmutz, wieder, zu, keine",5
343,"Ich komme aus Berlin bin hier auf Reha und kam in diese Klinik. Ich muss sagen das ist das schlimmste Krankenhaus was ich je erlebt habe . Mir wurde in der Klinik nicht geholfen als erwartet.Man bekommt zu gut wie keine Aussagen zu irgendwelchen Befu || Lasst euch hier nicht behandeln! Inkompetenz pur bei dem Personal! Krankenschwestern die schwer hören und dazu noch vergesslich sind werde unterstütz von „Artzen“ die kaum Deutsche Sprache beherrschen. So eine schlechte Erfahrung hatte ich bisher noc || Eine ganz liebe Freundin wurde wegen zweier Schlaganfälle in diese Klinik eingeliefert. Sie selbst und ihre Angehörigen haben eine Betreuung erfahren, von der man in anderen Kliniken in Deutschland nur träumen kann. Ob Ärzte oder Schwestern, alle hab",6_deutsch_deutschland_nicht_in,"deutsch, deutschland, nicht, in, man, krankenhaus, sie, ist, das, sprechen, die, zu",6
319,"Nach einem Treppensturz, mit mehrfachen Prellungen und einem gebrochenen Brustbein, musste meine in Chemotherapie befindliche Mutter vergeblich 6 Stunden in der Notaufnahme auf Behandlung / Diagnose warten. || Einfach gestorben... (würde gerne Keinen Stern geben) Als ich von der Erkrankung meine Oma hörte, war ich sofort ins Krankenhaus zu ihr gereist... dort musste die Familie und ich dann mitansehen, wie sie innerhalb weniger Tage viel zu jung starb. Die || Musste meine Mutter nach Atemstillstand dorthin bringen. Erst nach 3 Tagen eine Ärztin dort angetroffen. Die Pflegerinnen waren eine Zumutung. Nie wieder.",7_mutter_sie_meine_wurde,"mutter, sie, meine, wurde, nicht, ihr, wir, hat, in, zu, mit, der",7
315,Meine Frau war da drei Tage wegen MS und ist alles gut gelaufen das ist die beste Krankenhaus in Bad Pyrmont || Bestes Krankenhaus || Die Spezialität dieses Krankenhauses,8_krankenhaus_gutes_sehr_ein,"krankenhaus, gutes, sehr, ein, schönes, beste, personal, gut, nettes, ist, tolles, freundlich",8
295,"Super nette, profisionelle und verantwortungsbewusste Personal! || Das Personal ist sehr bemüht und freundlich und hilfsbereit, aber organisatorisch ist noch einiges im Argen. || Man fühlt sich gut aufgehoben. Personal ist sehr nett und freundlich.",9_personal_nettes_freundliches_sehr,"personal, nettes, freundliches, sehr, mitarbeiter, kompetentes, freundlich, nette, hilfsbereit, gute, super, freundliche",9
286,"Herzlichen Dank an das gesamte Team, Ärzte und Pflegepersonal der Stadion 12. Alle sehr sehr nett und freundlich, kompetent und hilfsbereit. Hier werden auch mal Konservative Methoden vorgeschlagen und durchgeführt, und … || Das ganze Personal super Nett 👌 die Schwestern alle total freundlich und auch das OP Team einfach Klasse 👍👍 da kann sich so manches KH eine Scheibe von abschneiden … || Station 2, Zimmer 231. Vielen Dank! Lieben Dank.",10_team_station_super_tolles,"team, station, super, tolles, dank, an, danke, sehr, top, gefühlt, gut, alle",10
285,"Die Ärzte und das Pflegepersonal sind super nett || Super sympathisch,sehr kompetente Ärzte helle freundliche Ambiente || Sehr gute Ärzte und Personal sehr freundlich.",11_ärzte_sehr_gute_nettes,"ärzte, sehr, gute, nettes, personal, pflegepersonal, kompetente, freundliches, super, nette, und, freundlich",11
259,"War zur teilstationären Diagnostik mit meinem Sohn auf der Station 63 und muss sagen: ein MEGA Team. Super liebe Mitarbeiter, sehr herzlich gestaltet- mein Sohn hat sich sehr wohlgefühlt und wollte gar nicht mehr weg. Tausend Dank für Alles 💓 … || Wir waren mit unserem Sohn (4) da, das Personal war hilfsbereit und haben uns geholfen. Danke dafür! || Unser Sohn ist bei Ihnen zur Welt gekommen und ich muss sagen, dass wir wirklich sehr nett empfangen wurden und auch sonst (fast) alle Hebammen, Krankenschwestern und Pfleger sehr nett waren. Eine ältere Mitarbeiterin bei Ihnen jedoch kann ich nicht ",12_sohn_wir_waren_unserem,"sohn, wir, waren, unserem, uns, sehr, mit, und, meinem, mein, haben, alle",12
249,"Sehr gute Erfahrung in der Notaufnahme Ich war gestern in der Notaufnahme des Diakoniekrankenhauses und habe mich dort … || Einfach ein super Krankenhaus. Ich bin mit einem massiven Bandscheiben Vorfall über die Notaufnahme gekommen und wurde gleich stationär aufgenommen. Das ganze Team von der Notaufnahme, Anästhesisten, Ärzten, Schwestern und Serviceteam ist super nett  || Ich war heute wegen einen Sturz in der Notaufnahme. Ich kann nur sagen, alle dort sehr freundlich und kompetent. Vielen Dank für die tolle Behandlung.",13_notaufnahme_freundlich_sehr_dank,"notaufnahme, freundlich, sehr, dank, team, in, der, schnelle, personal, schnell, danke, vielen",13
243,"Schlecht mit Parkplätzen wenn man morgens zu einer Behandlung muss || Es ist für mich immer noch nicht nachvollziehbar, warum das Klinikum hier gebaut wurde. Weit entfernt von unseren größeren Städten, so müssen viele Menschen weite Wege in Kauf nehmen. Das Klinikum ist voll auf Individualverkehr ausgelegt, das zeigt s || Das ganze Areal macht einen sehr sauberen und Ordentlichen Eindruck. Der Empfangsbereich ist sehr gut strukturiert und hell. Sehr freundliches und hilfsbereites Personal. Parkplätze sind vorhanden aber Kostenpflichtig. Wartezeiten muss man in Kauf ne",14_parkplätze_parkplatz_parken_parkhaus,"parkplätze, parkplatz, parken, parkhaus, ist, parksituation, man, zu, parkplatzsituation, nicht, für, es",14
241,"Unzumutbar – Das Schlimmste, was wir je erlebt haben (Eigene Erfahrung, persönliche Meinung) Mit einer ärztlichen Einweisung (Verdacht auf Bandscheibenvorfall) kamen wir in die Notaufnahme. Meine Frau hatte massive Schmerzen, konnte kaum noch laufen, || Mein Mann kam am 12.06. um 5 Uhr morgens nach einem Arbeitsunfall ins Krankenhaus. Obwohl seine rechte Hand stark blutete sollte er den Fragebogen selbst ausfüllen oder eben die linke Hand benutzen. Die Hand wurde nichtmal gereinigt und schon vor der || Meine Frau wurde nach einem Unfall in dieses Krankenhaus gebracht,ich hoffe nicht wieder.Bauzäune um den Eingang.den man suchen muss,Rollstuhlfahrer,die sich eine steile Auffahrt hochkämpfen,gar nicht an die Herrschaften mit Rolator gedacht?Zumachen ",15_frau_mann_sie_wir,"frau, mann, sie, wir, meine, er, wurde, nach, schmerzen, dann, in, nicht",15
232,"DANKE ! 2.12.2024 über den Hausarzt mit Wartezeit in die Notaufnahme. ( Triage, weil sehr voll ) bis … || Ich war letzte Woche im mvz Radiologie und hatte angeblich einen Notfall MRT Termin über 116117 bekommen. Stehe dort am Tresen und natürlich hat das nicht geklappt….. Aber sowohl die MFA als auch die Terminplanung machten schnell mit und ich konnte o || Ein Stern ist sogar zu viel! Notaufnahme 08.09.2025 Viertel vor 10h suchte ich die Notaufnahme wegen Verdacht auf Bruch, Prellung bzw. Quetschung am Fuß auf. Bei meiner Ankunft saßen nur vier Patienten im Wartebereich. Dennoch betrug meine Wartezeit ",16_termin_stunden_warten_uhr,"termin, stunden, warten, uhr, wartezeit, dann, um, nach, op, nicht, ich, der",16
227,"Ein herzliches Dankeschön an der Notaufnahme, Station 8 und 9 und ans OpTeam . Alle waren sehr kompetent und freundlich. Unsere Tochter fühlte sich gut aufgehoben. Ich kann das Krankenhaus nur empfehlen. Ich bin extra dankbar der Person, die mich in  || Meine 7jährige Tochter hatte ihre erste kleine OP und wurde wie eine Prinzessin behandelt. Dank des umsichtigen und freundlichen Personals wurde ihr die Angst vor dem Eingriff genommen und sie blickt nun auf diese Erfahrung stolz zurück. Ein besonder || Wir hatten ein Autounfall und wir sind zur Notaufnahme des Krankenhauses gefahren. Schwester Lana hat sich sehr gut um uns gekümmert und Gott sei Dank ist uns nichts schlimmeres passiert als gedacht.Vielen Dank noch mal für die mentale Unterstützung ",17_tochter_wir_uns_waren,"tochter, wir, uns, waren, unserer, unsere, und, haben, sehr, meine, super, mit",17
220,"Der Transportdienst zur Verlegung von Patienten zu den einzelnen Stationen liegt im Argen. Musste trotz mehrfacher Nachfragen über 4,5 Stunden auf die Verlegung warten. Spricht nicht für ein gutes Krankenhaus. || Ärzte sagen sie kommen und kommen nicht....mittag essen groten schlecht....1 und letzte mal in diesen Krankenhaus || Auch nach Jahren wartet man sich selbst mit eventuellen Knochenbrüche den Arsch in der Notaufnahme ab. Es interessiert hier mehr wieviel gelacht wird, anstatt wieviele Patienten warten. Die Aufnahmeauswahl ist ne Katastrophe genau wie unser ganzes Ge",18_man_stunden_warten_ist,"man, stunden, warten, ist, notaufnahme, wird, patienten, nicht, krankenhaus, wenn, zu, die",18
212,"Ich war nun schon zweimal in dieser Klinik. Bei beiden unterschiedlichen Notsituationen wurde uns immer freundlich, kompetent und schnell geholfen. Ich bin froh das wir so ein Klinikum in der Nähe haben und nicht erst nach Hannover müssen. Nur EC Ger || Wer nicht nach Hannover fahren möchte und das Sana Klinikum in Hameln verständlicher Weise meiden möchte, empfehle ich und meine Frau dieses Krankenhaus. Sehr diskret und einfühlsam in Bezug auf empfindliche Diagnosen und Behandlungen. Man hat hier n || Hat mein Leben gerettet. Nette, hilfreiche Doktoren, Krankenschwestern, Mitarbeiter. Danke. Wie in allen deutschen KKH geht nicht alles und könnte besser sein, aber nach ca. 40 Behandlungen bin ich zufrieden. Saubere WC, viele Parkplätze (müssten meh",19_hannover_in_krankenhaus_hamburg,"hannover, in, krankenhaus, hamburg, und, deutschland, das, ich, beste, deutsch, ärzte, sehr",19
211,"Meine Oma wurde in die Notaufnahme eingeliefert, und sie war sehr zufrieden. Alle Schwestern, Ärzte und vorallem Dr. Hilal waren sehr nett und hilfsbereit. || Meine Mutter war für knapp eine Woche auf der Kardiologie, und ich muss wirklich sagen, die Versorgung und Betreuung war erstklassig! Von der Notaufnahme schnell ins Zimmer gekommen, und es wurde sich sehr sehr gut um meine Mutter gekümmert. Stations || Meine Mutter wurde mit dem Verdacht auf einen Schlaganfall in die Neurologie eingeliefert und umfassend untersucht. Die Schwestern und Pfleger und auch der Sozialdienst haben sich sehr liebevoll und kompetent um meine Mutter gekümmert. Ich wohne weit",20_mutter_meine_sie_wir,"mutter, meine, sie, wir, sehr, und, meiner, uns, dank, die, haben, sich",20
205,"Meine erste OP, meine erste Erfahrung. Ich bin positiv beeindruckt das es Menschen in diesen Bereichen mit solch einer tollen und guten Laune, mit soviel Freude und Sympathie arbeiten. Ich fühlte mich ab Minute 1 super aufgehoben und in guten Händen. || Ich habe hier im Oktober Entbindung gehabt und bin sehr zufrieden. Alle waren super freundlich und nett ! Ich habe mich richtig wohl gefühlt. || Ich musste zum Gelenkzentrum. Bis jetzt alles super Top 👍. Egal welches Personal alles suuuper freundlich und nett . Man fühlt sich gut aufgehoben …",21_sehr_personal_freundlich_gut,"sehr, personal, freundlich, gut, aufgehoben, gefühlt, mich, alle, nett, kompetent, hilfsbereit, mitarbeiter",21
199,"Mein Vater wurde mit einer Notfall Einweisung zum Klinikum geschickt, da er schwer krank war. Er wurde nicht ernst genommen und ihm wurde gesagt, wenn er kein Blut spuckt, wäre es kein Notfall. Ihm wurde ernsthaft erklärt, was die Definition eines No || Mein Vater kam letzte Woche Donnerstag auf intensiv Station w11 er hatte ein Herz still stand wurde wieder belebt aber dir Ärzte meinten das es nicht gut aussieht ich musste ihn leider gehen lassen habe ihn dann von dem Beatmungs gerät nehmen lassen  || Mein Stiefvater 86 Jahre alt wurde mit starken Schmerzen mit dem Krankenwagen um 21.00 eingeliefert. In der Nacht um 1.30 wurde er trotz seiner starken Schmerzen und Benommenheit mit dem Taxi nach Hause geschickt, ohne die Angehörigen zu informieren,",22_vater_er_mein_ihm,"vater, er, mein, ihm, ihn, nicht, wurde, wir, mit, ist, uns, zu",22
196,"Nach einer Notaufnahme am Sonntag, den 6. April 2025 wegen verstopften Katheter in der Urologie im Klinikum Schaumburg gewesen. Mein Dank für die professionelle Behandlung durch die Oberärztin Galina Ross der Urologie und ihrem Team. Konnte nach erfo || Ich war Patient in der Urologie. Schade das es keine 10 Sterne gibt! Das Pflegepersonal ist sehr nett und zuvorkommend. Die Ärzte Super.Bin hervorragend aufgeklärt worden über die Op. Alles lief auch sehr gut.Alle sehr Freundlich obwohl alle Mitarbei || Bestes Krankenhaus! Urologie ist super sehr zu empfehlen. Dort arbeiten noch Schwestern, Ärzte und Personal denen der Patient wichtig ist. Alle sind freundlich und jederzeit Hilfsbereit. Wenn man schon krank ist kann man froh sein wenn man dort lande",23_urologie_der_ich_sehr,"urologie, der, ich, sehr, urologischen, urologen, in, die, op, und, urologische, auf",23
194,"Ich war Patient in der Tagesklinik und fand es etwas anstrengend, dass man um die Einzelgespräche bei seiner Bezugstherapeutin teilweise wirklich „betteln“ musste. Viele Therapien sind während meines Aufenthaltes ausgefallen und eine Vertretung gab e || Jede Station ist sicher etwas anders zu bewerten. Ich war in der 4. Etage im QE und ich und meine Mitpatienten hatten nicht wirklich was zu meckern. Sicher, ich hatte auch gute Mitpatienten, wodurch es noch positiver wurde. Es gibt kompetente ärztlic || Ich war wegen starker Depression drei Monate stationär in der Klinik und zweieinhalb Monate in der Tagesklinik - und bin äußerst zufrieden mit dieser Einrichtung. Ärzte und Therapeuten sind untereinander sehr gut vernetzt, so dass jede:r …",24_therapeuten_klinik_ich_reha,"therapeuten, klinik, ich, reha, mir, die, und, zu, es, war, ist, der",24
193,"Eine Woche habe ich hier verbracht wegen einer Knie TEP. Vielen Dank an die Station W21. Es hat mir gut gefallen. Schwestern, Ärzte, Physiotherapeuten, Zimmer, Schmerzmittelversorgung, Mittagessen war immer schmackhaft. Es gibt nur eine Sache, die mi || Hallo, ich habe hier ein neues Kniegelenk ( TEP ) bekommen. War alles sehr problemlos und professionell. Aufnahme schnell und kompetent. Ärzte freundlich und kompetent. Pflegepersonal nett und freundlich, immer ein nettes Wort für die Patienten. Esse || Das Gelenkzentrum und der Krankenhaus Aufenthalt nach der Knie OP sind nur zu empfehlen. Ich habe mich ganz toll aufgehoben gefühlt. Sehr kompetent, freundlich und toller Service. OP sehr gut verlaufen. Ich war das zweite Mal vor Ort und kann nur gut",25_knie_neues_kniegelenk_op,"knie, neues, kniegelenk, op, dr, habe, bekommen, ich, operiert, am, und, super",25
162,"Ich war ja schon in fast 20 Krankenhäuser aber was hier abläuft ist der Oberhammer . Abreißen und Neubauen hilft wahrscheinlich auch nicht wenn die Hygiene Standards nicht eingehalten werden und sogar Leute vom Personal mit Fahrrad im … || Mein Krankenhausaufenthalt von Donnerstagabend bis Samstagnachmittag war äußerst beunruhigend und völlig inakzeptabel. Als ich mein Zimmer betrat, bot sich mir ein schockierender Anblick. Einer der Tische neben dem Bett war blutverschmiert. Das Zimme || Also die Station G3 ist eine Katastrophe. Dort wird nicht gereinigt in den Zimmern, neue Handtücher ausgetauscht,Bett bezogen und sich nicht optimal um die Patienten gekümmert. Personalnot hin oder her, aber das sind immernoch die Pflichten des Krank",26_zimmer_toilette_toiletten_ist,"zimmer, toilette, toiletten, ist, nicht, die, auf, dem, den, es, nur, das",26
155,"Ich verstehe nicht, weshalb man hier Termine vergibt . Es werden alle nacheinander aufgerufen, diejenigen ohne Termin , kommen eher dran als wir …. Mit Termin . Bis zu 7 Stunden Wartezeiten sollten hier in Kauf genommen werden. Auch mit … || Der Wartesaal ist leer, trotzdem sitzt man und wartet und wartet! Wenn man an die Scheibe klopft um sich bemerkbar zu machen, erntet man genervte Blicke und den Kommentar „Ja gleich“! Nach weiteren 30 Minuten Wartezeit ergreift man die Initiative und || Trotz Termin sehr lange Wartezeit. Mit der Wartemarke zur Anmeldung ging es von der Zeit her normal. Doch bis man dann zu der entsprechenden Untersuchung oder zum Vorgespräch kommt, sind 2 Stunden Wartezeit gar nichts. Beim letzten Aufenthalt hat das",27_stunden_termin_wartezeit_warten,"stunden, termin, wartezeit, warten, warte, uhr, 00, man, gewartet, lange, wartezeiten, hier",27
143,"Hallo, leider ist es nicht möglich mit 0 Sternen zu bewerten. Vorweg möchte ich betonen das es hier um meine eigene Erfahrung mit dem KH geht, nicht um ein Allgemein Bericht. … || Mit Termin 4 Stunde Wartezeit schade, dass ich keine null Sterne geben kann. || Eigentlich null Sterne verdient habe einen Kreuzbandriss und der wurde im akh nicht richtig behandelt Jz darf 3 Monate nochmal warte damit ich operiert werden kann danke für nix hätte man direkt operieren müssen.",28_stern_sterne_geben_null,"stern, sterne, geben, null, würde, viel, vergeben, leider, noch, verdient, nicht, liebsten",28
140,"Mein Mann kam aus der Reha Klinik auf die Intensivstation, Ärzte, Schwestern und Behandlung Top, nichts einzuwenden!! Dafür eigentlich 5 Sterne. Nach der Intensivstation in ein ""Komfortzimmer"" und das ist echt ein Witz!! 2- Bett Zimmer ok. Fernseher  || Wenn ich 0 Sterne geben könnte, dann würde ich es machen. Dieses Krankenhaus ist, was die Mitarbeitenden angeht eine komplette Vollkatastrophe. Meine Freundin bekommt keine Infos, wird nachts mit ihrer Gehirnerschütterung einfach schlafen gelassen, s || Jeder der in der Notaufnahme oder im Ambulanten Zentrum war, weiß ganz warum 1 Stern sogar noch zu viel des guten ist. Mehr brauche ich hier auch nicht sagen.",29_stern_sterne_geben_null,"stern, sterne, geben, null, würde, vergeben, nicht, krankenhaus, liebsten, man, ist, könnte",29
140,"OP lief gut aber das personal ist sehr unfreundlich || Sehr unfreundliches und arrogantes Personal in fast ALLEN Abteilungen. Man wird behandelt wie ein Mensch dritter Klasse. Ich habe mich total schlecht gefühlt. Es wird überhaupt nicht auf Ängste und Fragen eingegangen. Für mich klar: NIE WIEDER!!!!!!! || Die Mitarbeiter der Station A1 sind sehr unhöflich und launisch,",30_unfreundliches_personal_unfreundlich_mitarbeiter,"unfreundliches, personal, unfreundlich, mitarbeiter, unfreundliche, schlechte, information, sehr, menschen, absolut, lust, nicht",30
137,"Ich wurde von meinem Hausarzt auf einem Montag, nach schon langer Schmerzzeit hergeschickt. Bandscheibenvorfall LWS mit Nerven im linken Bein. Ich musste in der Aufnahme ca. eine Stunde warten. Gute Aufklärung, Abklärung und Beratung wie … || Ich würde am 10.5. mit dem Krankenwagen aus Höxter in die Klinik gebracht, wegen starker Nervenschmerzen und Schwindel. Ich würde nur kurz befragt und dann wurde gesagt, das ich wohl im falschen Krankenhaus gelandet bin. Ich sollte dann um 1 Uhr Nach || Schlimmer geht's nicht. Mit ausgerenkten Rippen ins Krankenhaus gefahren und mir wurde im Krankenhaus gesagt man kann mir nur Schmerzmittel geben, es seien nur Rückenschmerzen, mir wurde ohne zu fragen ob ich ein Problem mit Rauschmittel in der Verga",31_schmerzen_ich_schmerzmittel_wurde,"schmerzen, ich, schmerzmittel, wurde, nach, mir, mit, dann, notaufnahme, starken, nicht, habe",31
134,"Kantinen Essen ist schlecht und teuer! Pommes sehr dunkel, altes Öl, belegte Brötchen sehr schwache Qualität. Kaffee aus den guten Automaten!... Schmeckt aber nucht?! Lieber ausserhalb essen, sehr schade, sonst macht die Klinik einen richtig guten Ei || Kompetenz und Personal gut bis sehr gut. Abwertung ausschließlich durch den abgrundtief schlechten Caterer. Keins der warmen Essen war auch nur Schulnote 4. Widerlich gewürzte Kartoffelsuppe oder unglaublich zähes Rindergulasch... Ungenießbar trifft  || Die Versorgung meines Mannes war gut durch Ärzte und Schwestern!!Das Essen ist katastrophal, wenn man überhaupt was bekommt!!",32_essen_ist_das_nicht,"essen, ist, das, nicht, man, aber, die, so, brötchen, frühstück, käse, oder",32
129,Ich war nur eine Nacht hier aber rundum zufrieden!!😊 … || Ich bin super zufrieden vielen Dank 😊 … || Bin sehr zufrieden.,33_zufrieden_geholfen_bin_mir,"zufrieden, geholfen, bin, mir, gut, aufgehoben, sehr, habe, alles, mich, super, ich",33
125,Unhöflich am Telefon wie sonst was! || Die telefonische Kontaktaufnahmen ist so gut wie unmöglich. Ich habe 3Tage gebraucht um jemand ans Telefon zu bekommen. Lediglich bei Einschaltung des AB zum Ende der Erreichbarkeit war man außerordentlich pünktlich. Nachdem ich endlich jemand erreic || Unfreundlich ihm telefon und im echten leben auch ich würde nicht mal ein stern geben,34_telefon_telefonisch_termin_ans,"telefon, telefonisch, termin, ans, seit, niemand, telefonische, erreichbar, versuche, nicht, erreichbarkeit, geht",34
121,"Es waren alle sehr freundlich. Die Wartezeiten waren OK. Das Essen war gut! || Alle super nett und lieb , wurde schnell operiert und das essen ist auch gut grus an station o22 || Sehr freundliches Personal, gute Behandlung. Punktabzug fürs Mittagessen. 🙄 Zimmer aber ok. …",35_essen_personal_zimmer_freundliches,"essen, personal, zimmer, freundliches, super, nettes, sehr, schöne, schmeckt, service, top, gut",35
118,Top Betreuung auf der Gyn/ Geb! Alle bestens umsorgt und engagiert! Absolute Empfehlung || Sehr gute Betreuung in der Viszeralchirugie und Anästhesie. Schnelle Terminvergabe und sehr gute Informationsweitergabe. || Sehr schnelle und freundliche Behandlung. Ruhige Atmosphäre.,36_behandlung_gute_betreuung_schnelle,"behandlung, gute, betreuung, schnelle, sehr, freundliche, pflege, versorgung, kompetente, empfehlenswert, physiotherapieteam, und",36
102,"Ich war vor 7 Monaten in der Notaufnahme und wurde dort sehr gut aufgenommen. Ich hatte mir 2 Finger geklemmt. Dieses wurde von Dr. Rahmati behandelt. Er hat meine Finger wieder so zusammengenäht, inclusive Nagelbett wieder herstellen, dass … || Ich bin jetzt zum 2 mal hier und habe einen Schmerz Katheter bekommen, den erfolg fand ich richtig super. Meine Hand kann ich richtig super bewegen ,meine Finger fast zum beugen bekommen. Das hätte ich nicht gedacht wegen einen Handgelenk was ich mir || Meine letzte Erfahrung war nicht schön. Ich hatte einen Arm in Gips,welcher natürlich an einem Wochenende anfing schmerzlich zu drücken. Meine Finger wurden kalt und verfärbten sich. Durch Recherche im Internet war mir klar,das der Gips runter musste",37_finger_ich_wurde_arm,"finger, ich, wurde, arm, mir, schmerzen, hand, gebrochen, nach, fuß, im, der",37
101,🙏🙏🙏❤️ … || Sehr unfreundlich Mitarbeiterinnen 👎🏻 … || Das eine ❤,38_sabıne_sterne_korn_susi,"sabıne, sterne, korn, susi, dddddddddddddddddddddddd, wiechern, sina, station, fur, supper, fünf, ärzte",38
100,"Wir waren in der Augenarzt Praxis. Bei den Voruntersuchungen wurde alles gut erklärt, mein Vater hatte keine Angst vor der unangenehmen Spritze! || Sehr gute Augenklinik mit nettem Personal. Meine Ärztin ist auf dem neusten Stand der Medizin und berücksichtigt in ihrer Diagnose und Behandlung individuelle Umstände. Die Diagnose wird verständlich erklärt und es wird sich trotz hoher Auslastung Ze || Für mich persönlich der beste Augenarzt in dessen Betreuung ich mich in 18 Jahren als Trägerin einer Brille bisher befunden habe. Ein Arzt der noch mitdenkt und sich für seine Patienten interessiert. Der selbst nachforscht, um bestmöglich zu helfen. ",39_augenklinik_auge_augenarzt_ich,"augenklinik, auge, augenarzt, ich, augen, mich, in, und, mir, pius, war, der",39
95,"Not Aufnahme,sehr nette Schwester , kompetente Beratung und Betreuung.Der Ausblick Ist vom 5stock atemberaubend schön. || Super Team. Die Schwestern , Ärzte oder Reinigungspersonal , sind alle sehr freundlich, geduldig und kompetent. || Moderne Ausstattung, sehr nette Schwestern und Pfleger, kompetente Ärzte",40_schwestern_ärzte_nette_sehr,"schwestern, ärzte, nette, sehr, freundliche, super, sind, kompetente, und, pfleger, nett, hilfsbereite",40
90,"Mein Vater musste sich in der Gefäßchirurgie einem Eingriff wegen mehrerer arterieller Verschlüsse im Bein unterziehen. Ich kann nur Positives berichten. Sehr freundliches Pflegepersonal. Organisatorisch macht alles einen sehr guten Eindruck. Dr. Sch || Heute habe ich meinen Vater zur Notaufnahme gebracht,war alles Super und der Arzt super Sympatisch und hat sich auch richtig viel Zeit genommen um uns die Krankheit zu erleutern. || Eine hervorragende, freundliche und kompetente Versorgung meines Vater. Besonderen Dank gilt dem Patientenmanagement. Vielen Dank.",41_vater_mein_papa_dank,"vater, mein, papa, dank, wir, vaters, intensivstation, uns, er, vielen, familie, und",41
85,"Menschlichkeit, Freundlichkeit und Empathie sind kein Job aber dafür vielen Dank der Intensivstation und Dr. Eickmeyer!!! || Ich mache es kurz, trotz schwieriger und sehr seltener Diagnose haben die Ärzte, von der Notaufnahme bis zur Station N 33 sehr kompetent reagiert und gehandelt. Wir sind sehr dankbar und können diese Station, mit allen Ärzten und dem Pflegepersonal n || Hatte einen sehr nahen Angehörigen in der Klinik. Wir habe uns dort sehr gut aufgehoben gefühlt. Das Personal war sehr hilfsbereit, aufmerksam und vertrauensvoll. Vielen Dank",42_mann_frau_wir_dank,"mann, frau, wir, dank, mein, sehr, vielen, waren, und, uns, meine, alle",42
84,"Total unhöfliche Schwestern. || Schwestern wirken stark genervt und teils extremst unfreundlich viele haben sich wohl den falschen Beruf ausgesucht, wenn sie auf die Bedürfnisse der Patienten eingehen sollen man meint ja eigentlich das Patientenwohl sollte an erster Stelle stehen.  || Die Schwestern können einen schon Leid tun. Sehr hoher Krankenstand und dann schreien irgendwelche Ideoten SCHWESTER sind nur aus Langeweile am klingeln. Auch das Personal hat nur zwei Beine und kann nicht überall gleichzeitig sein.",43_schwestern_schwester_unfreundlich_man,"schwestern, schwester, unfreundlich, man, sind, die, nicht, patienten, wenn, sie, sehr, so",43
84,"Bin seit Donnerstag morgen hier - heute ist Sonntag. Wurde vom Hausarzt eingewiesen mit akutem Hexenschuss und (!) unklarem akuten Abdomen. Das ganze als chronischer Schmerz patient. Der aufnehmende Arzt hatte große Probleme mich und mein Problem zu  || 28.12.2025 - kam ich gegen 23 Uhr in die Notaufnahme mit Kaffeesatzartigem Erbrechen und keinen Stuhlgang von 4 Tagen. Ich kam schnell dran, obwohl die Notaufnahme sehr voll war. Meine Untersuchung war simpel... Blutabnahme und EKG... ich bekam etwas || Ich kam um 1 Uhr nachts wegen Atemnot ins Krankenhaus, ich konnte kaum atmen. Die Schwestern sagte mir, ich sei kein Notfall und müsse bis morgen früh um 9 Uhr auf den Stühlen warten. Leider habe ich mich nicht ernst genommen gefühlt. Es gab keine we",44_ich_mir_mit_wurde,"ich, mir, mit, wurde, hausarzt, magen, nicht, sagte, dass, notaufnahme, arzt, die",44
82,"Ich habe in dieser Klinik entbunden und bin sehr dankbar für die liebevolle und professionelle Betreuung, die ich dort erfahren habe. … || Eine schöne große Anlage wo man viel laufen kann.... Ich selber war dort drei Wochen in der OE. Das untereinander bei den Patienten ist Klasse, man hat sich teilweise gegenseitig geholfen und jeder war für jeden da Niemand hat den anderen verurteilt, || Ich habe nur gute Erfahrungen mit der Seeparkklinik Debstedt gemacht. Das gesamte Personal ist sehr freundlich und hilfsbereit!! Ich würde immer wieder diese Klinik aufsuchen !! Vielen Dank für die tolle Behandlung !!",45_krankenhaus_sehr_ärzte_ich,"krankenhaus, sehr, ärzte, ich, und, das, nett, gut, die, sind, immer, freundlich",45
81,"Ich verfasse diese Rezession noch direkt auf der Station und bevor ich das Krankenhaus verlasse, damit ich es nicht vergesse, denn leider wie ich hier sehen kann, werden positive Bewertungen seltener geschrieben, denn es ist ja alles gut. Wenn etwas  || Kann die 5 Sterne Rezessionen hier nicht nachvollziehen?! Wo auch immer die herkommen?? || Naja die negativen Rezensionen kann man teilweise nachvollziehen meine Tochter hat eigentlich nur eine kleine Verstauchung wie sich herausgestellt hat aber es hat knapp 4 Stunden gebraucht um es festzustellen.",46_rezensionen_bewertungen_rezension_nicht,"rezensionen, bewertungen, rezension, nicht, negativen, ich, dass, aber, sich, es, zu, eine",46
75,Sehr gut. Lutz || Sehr Gut || Ist ganz gut hier,47_gut_sehr_exzellent_super,"gut, sehr, exzellent, super, hmdl, sejr, bahandlung, ortskern, lutz, abgelegen, träger, einfach",47
75,"War I'm Agaplesion Klinikum zu einer Herzkatheter Untersuchung und möchte mich auf diesem Weg bei dem Pflegepersonal und Ärzten von der Intensiv und Wachstation sowie den behandelnden Schwestern und Fachärzten welche bei mir den Herzkatheter gesetzt  || Ich kamm am 23.04 in dieser klinikum für eine Herz Untersuchung und kamm ich ziemlich schnell dran und musste ich stationere bleiben. Muss ich sagen das ich sehr gut empfangen bin, hier sind zuverlässig, alle nett und hilfsbereit, danke an … || Sehr professionelle Hilfe nach Notfallaufnahme, mit Herzinfarkt. Während der anschließenden stationären Behandlung, kompetente Betreuung durch Stationsarzt und Schwestern / Pfleger. Ich würde in ähnlicher Lage immer wieder das Krankenhaus aufsuchen.",48_herzinfarkt_kardiologie_herz_herzkatheter,"herzinfarkt, kardiologie, herz, herzkatheter, ich, untersuchung, mich, bin, und, station, danke, vielen",48
73,Vielen Dank für Hilfe .... || Danke das es euch gibt! || Danke!,49_danke_vielen_dank_für,"danke, vielen, dank, für, hilfe, eure, alles, geholfen, euch, super, top, herzen",49
69,Eine ordnungsgemäße Abfertigung und kurze Wartezeiten || Wartezeit dauert und dauert🥺 … || Zuuuuuuuuuuu lange Warte Zeiten.,50_lange_wartezeiten_warte_wartezeit,"lange, wartezeiten, warte, wartezeit, dauert, zeiten, warten, termin, zulange, zeit, sehr, unfreundlich",50
69,"Als Begleitperson zu einer Ultraschalluntersuchung abgewiesen wegen einen nicht vorhandenen negativen Test. Aber meine Frau brauch keinen obwohl sie auch nur ein Besucher zu einer Untersuchung ist? Verstehe den Sinn nicht. Sie dürfte Corona rein trag || So optisch und alles super Personal und auch haus. Sicherheitsdienst , bisschen schwach. Wollen ein was von coronavirus erzählen aber haben selbst keine maske auf. Beste Vorbilder. OP geht zügig das ein plus Punkt. Aber das entlassen. Das ist eine re || Super! Ich hatte gestern einen ambulanten Eingriff unter Vollnarkose. Ich muss ganz ehrlich sagen, dass ich mich trotz der Corona Maßnahmen, rund um …",51_corona_test_nicht_besucher,"corona, test, nicht, besucher, aber, das, auf, ist, maske, negativen, zu, ein",51
68,"Ich wurde durch meine Schilddrüsen OP hier behandelt. Selten so professionell von Anfang bis Ende betreut. Auf der Wachstation die Pfleger-/innen sind wirklich sehr hilfsbereit und versuchen einen die Schmerzen so erträglich wie möglich zu machen. Ic || Meine Erfahrungen in der Schmerzklinik fallen gemischt aus, wobei die positive Resonanz auf das medizinische Personal und die schmerzlindernde Wirkung des Aufenthalts überwiegt. Zunächst möchte ich meine tiefe Zufriedenheit mit der spezialisierten Sc || Ich war im November 2021 zur Schmerztherapie auf der Station 4. Ich würde jederzeit wieder dort hingehen! Alle sind sehr bemüht und versuchen einem weiterzuhelfen. Die Ärzte, Therapeuten und Schwestern sind ausgezeichnet und haben mich immer ernst ge",52_schmerztherapie_schmerzklinik_schmerzen_ich,"schmerztherapie, schmerzklinik, schmerzen, ich, und, die, sehr, der, ist, das, war, ein",52
66,"Bewertung 0.00 Gestern Vormittag die Mitarbeiterin in der Anmeldung Kabine 3.Ich erlebte in fast 64 Jahren nie so etwas an Unfreundlichkeit.Widerlich🤮Die Dame hat den falschen Job.Austauschen!!! … || Hallo, Die Security Dame heute am 28.12.22 um ca 16 Uhr war so unfreundlich ich durfte nicht den Mülleimer bedienen ohne mein Test vorher zu zeigen, sie selber war in dem Augenblick in einer Unterhaltung und hat mich auf dem Weg zum Mülleimer der 2 M || Ich war heute ( den 26.05.24 )gegen 11:00 Uhr im Krankenhaus gewesen und wollte nur kurz hochgehen und bei der Station 4 was abgeben ( für eine Patientin). Vorne an der Rezeption hat ein Mann ( glatzköpfigen ) mich mit einem lauten Ton aufgerufen. Vo",53_dame_empfang_sie_frau,"dame, empfang, sie, frau, am, unhöflich, der, die, notaufnahme, unfreundlich, frech, anmeldung",53
61,"Meine Tochter wurde am 21.10.22 notfallmässig mit unbekannter Diagnose in das Klinikum eingeliefert. Es wurde sofort reagiert und ein lebensbedrohlicher Zustand (akute Sepsis) festgestellt. Alle notwendigen Maßnahmen wurden unmittelbar eingeleitet un || Mein Kind 12 Jahre alt. Würde mit Blinddarm eingeliefert . Weil Höxter voll war leider. Wir haben seid ihrer OP mit keinem Arzt gesprochen. Hätte ich nicht zufällig mit meiner Tochter telefoniert wüsste ich nicht Mal was von einer OP. Haben nur mit d || Meine Tochter ist gefallen in der Schule dies wollte ich abklären lassen. Also Freitag hin, nach kurzer Wartezeit wurde sie aufgerufen und geröntgt. Der Arzt super freundlich und hilfsbereit. Hat ihr einen Gips verpasst, sollten ein …",54_tochter_sie_wir_meine,"tochter, sie, wir, meine, wurde, uns, nicht, mit, hat, arzt, unsere, eine",54
58,Katastrophe || Ganz schön tief gesunken in diesem Land man wird operiert auf Hoffnung auf Besserung um im Nachhinein zu erfahren dass sie nicht alles wegmachen konnten weil man nicht dran kommt vorher haben wir das blaue vom Himmel versprechen klasse leute super är || Eine Katastrophe!!! Ich würde keinen stern geben aber man muss ja um die bewertung abgeben zu können. …,55_katastrophe_katastrophal_krise_nie,"katastrophe, katastrophal, krise, nie, absolute, kaumtherapien, derkjk, krakheitsbildes, katastrophale, sichtweise, wieder, eine",55
57,"Schönes, neues Klinikum. Angenehmes Ambiente. Fachpersonal sehr freundlich, hilfsbereit , entgegenkommend, umsichtig. || Tolle Klinik, kompetent und freundlich || Station 8 in Ameos Klinikum Alfeld ist die Beste in der Klinik, hier wird man sehr professionell behandelt und nimmt Sorgen der Menschen ernst. Personal ist sehr freundlich und hilfsbereit, haben immer ein offenes Ohr und helfen in jeder Hinsicht.",56_klinik_gute_moderne_personal,"klinik, gute, moderne, personal, sehr, klinikum, gutes, kompetent, gut, ist, altag, tolle",56
56,Spitze || Maut || Eschein Stern,57_spitze_hübsch_toll_ekelhaft,"spitze, hübsch, toll, ekelhaft, drecksladen, brötchengeber, knäckebrot, rutsche, spitzenmaessig, maut, anfel, tierversuche",57
54,"Bei allem Verständnis das wenn Personal fehlt, man Wartezeit mitbringt. Aber 6,5 h finde ich etwas heftig lange!! Kann man da nicht bescheid bekommen, das man später noch mal wieder kommen soll? || Es wurden seit der Übernahme einer priv. Firma leider viele Stellen abgebaut, dieses führt u.a. zu Verzögerungen. Das Personal ist nach wie vor bemüht dieses zu kompensieren u. bleibt auch unter Druck freundl. + hilfsbereit. Der Schulterspezialist Dr || Die Terminvergabe in der BG Sprechstunde kann man getrost abschaffen. Heute das 4te mal hier noch nicht einmal hat es ansatzweise gepasst mit den Zeiten. Und die Kollegin in der Anmeldung hat wohl mehr als den Beruf verfehlt so etwas unfreundlich hab",58_wartezeiten_lange_personal_unfreundlich,"wartezeiten, lange, personal, unfreundlich, wartezeit, mitarbeiter, stunden, unfreundliches, man, pc, termin, es",58
54,"Vielen Dank an die Neurologie Station ! Von Krankenschwester bis hin zum Oberarzt, kann ich nur positives berichten. Sehr freundliches Personal mit viel Erfahrung und Wissen. Alle Behandlungen liefen gut und ohne Komplikationen ab. Super Team ! || Mein Mann lag jetzt auf der Neurologie zur Ursachenfindung. Es ist eine sehr kompetente Station. Die Ärzte sind sehr gründlich in den Untersuchungen vorgegangen. Die Ärzte sowie die Schwestern sind sehr nett und fürsorglich. Danke an das Team der Neu || Neurologie-Team sehr gut die andern Stationen eher unterer Durchschnitt",59_neurologie_neurochirurgie_neurologischen_kompetent,"neurologie, neurochirurgie, neurologischen, kompetent, dank, sehr, und, spezialisierte, gehirns, der, dr, ärzte",59
51,"Unmögliche Besuchsregeln. Der Empfang ähnelt der Sicherheitskontrolle am Flughafen. Unsere Freunde und Verwandten werden zum Produkt. Ob die Angestellten alle 70 Minuten Frischluft ziehen dürfen und die Masken tauschen? Schade, dass die ""Wissenschaft || Notaufnahmepersonal unfähig auf Angstpatienten einzugehen.... und dann auch noch angepflaumt worden... || Sehr unfreundliche gestresste Notfallschwestern die sich auch noch beschweren warum die Einsatzzentrale alles nach Westerstede schickt! Wortlaut , na toll dann kommen wir heute hier garnicht mehr raus , …",60_unfreundliches_notaufnahme_personal_man,"unfreundliches, notaufnahme, personal, man, unfreundlich, in, der, wenn, nicht, aggressiver, ın, the",60
49,Nette Leute! || Sehr nettes Personal 👍 … || Kann nur positives sagen!alle super nett und freundlich!,61_freundlich_nett_sehr_schnell,"freundlich, nett, sehr, schnell, nette, leute, cool, dich, smilla, ĝute, super, sie",61
49,"Schnell kompetent gerne wieder || Sehr freundlich und kompetent. Gerne wieder! || Kompetent, schnell, sympathisch",62_kompetent_freundlich_kompetenz_sehr,"kompetent, freundlich, kompetenz, sehr, schnell, einsichtig, henrieetenstif, zügig, aufnahmezeit, competent, und, experience",62
49,"Ein großes Dankeschön gilt der Anästhesie der ambulanten OP. Ich war aus einem anderen Krankenhaus (Mühlenkreis) doch deutlich vor geschädigt was meine Narkoseerfahrung anging und bin mit Panik in meine Kreuzband OP gestartet. Habe mich bereits Tage  || Ich habe vor knapp vier Wochen in Vehlen entbunden und bin aufgrund von positiven Erfahrungen von Bekannten dorthin gegangen. Tatsächlich wurden meine Erwartungen durchweg erfüllt. Wir hatten vielleicht auch das Glück, dass in der Nacht sehr wenig im || Ich hatte letzte Woche eine ambulante Op in der Gyn Abteilung. Ich wurde vorher erst zweimal operiert und habe da nicht die große Erfahrung mit, war dementsprechend sehr skeptisch. Aber ich habe mich sehr gut aufgehoben gefühlt. Am Op Tag selbst war ",63_ich_op_war_mich,"ich, op, war, mich, angst, habe, mir, und, auch, aber, das, der",63
47,"Ich habe zum zweiten Mal eine Strahlenbehandlung im akh Celle mitgemacht. Die erste war 2011. Zwischen damals und heute liegen aber tatsächlich Welten. Es ist erstaunlich, wie sich durch eine neue Leitung ""plötzlich"" alles verbessert. Grundsätzlich i || Mein Vater wurde in den letzten Wochen mehrfach eingeliefert wegen Atemnot. Lungenerkrankungen lagen bereits vor, ebenso ein Lungentumor in der Vergangenheit. Er wurde mehrfach im AKH Celle falsch behandelt (wurde auch von einer anderen Ärztin mündli || Sehr unfreundlich in der Brustklinik.Meine Mutter wurde wegen Brustkrebs behandelt da.""Netterweise"" wie die Dame an der Annahme sage zu mit,nur weil meine Mutter aus einen anderen Bundesland kommt.Ihre Brust eitert und brauch regelmäßig …",64_brustkrebs_tumor_krebs_eine,"brustkrebs, tumor, krebs, eine, sie, wurde, der, entfernt, markierung, mammographie, die, biopsie",64
45,"Ich bin / war begeistert. Super freundliches Personal. Fricke & Meins 👍🏽 Klasse Anästhesie und nicht zu vergessen Dr. Samel. … || Aktuell: 19.08.22, OP Urologie, Frau Dr. Thomas und OP-Team und Versorgungs-Team Station 1b. Sehr freundliche Aufnahme, ruhiges, angenehmes, Zimmer. - Super Ärztin, super OP Team, perfekte Erklärung über ""warum/wieso"", geduldig und tolle Nachschulung || Ausgezeichnete Krankenhausdienste, Krankenschwestern und Ärzte🖒❤ …",65_super_nordstadt_arzt_dr,"super, nordstadt, arzt, dr, wiko, menschen, ein, nicht, personal, kein, und, geht",65
45,Darm || Gut || Gut,66_gut_darm_sher_okay,"gut, darm, sher, okay, eindrücke, cool, korrekt, bg, mama, nix, gehabt, untersuchungen",66
45,Auf der Station 4 wo meine Mama lag ging alles sehr freundlich rum Die Schwestern waren alle sehr nett zu meine Mama Die haben meine Schwester dann angerufen als es mit meine Mama zuende ging Sie ist dann am 17.12.2023 friedlich eingeschlafen 🖤 ❤️❤️❤ || Ich lag einige Tage auf der Station B5 und kann nur Lob aussprechen. Die Schwestern und Pfleger waren alle total sympathisch und haben sich wirklich sehr gut um einen gekümmert. Benny und die liebe Nachtschwester deren Namen ich leider vergessen habe || Station L2 wirklich super.Ärzte und Schwestern einsame Spitze.Man fühlt sich da sehr gut aufgehoben.Weiter so....,67_schwestern_station_schwester_danke,"schwestern, station, schwester, danke, auf, nett, super, sehr, dank, gut, die, so",67
41,"Ich war sehr zufrieden mit dem Service und der Betreuung. Einziger Kritikpunkt: Die Biscuits waren kalt und in Butter getränkt, als sie serviert wurden. || Ich war sehr zufrieden, die Ärzte haben mir in einer Notoperation meine Niere gerettet. Sie funktioniert wieder einwandfrei. Ärzte und Schwestern waren sehr nett und fürsorglich. Das Essen hat mir nicht so toll geschmeckt, ist aber ja schließlich auc || Ich war bestens zufrieden auf der Station A3. Nettes Pflegepersonal, tolle Ärzte und Therapeuten, super Therapieangebote. Einen Stern Abzug, weil das Essen manchmal sehr schlecht war und die Sanitäranlagen renovierungsbedürftig sind.",68_essen_zufrieden_war_super,"essen, zufrieden, war, super, gut, sehr, ärzte, aufgehoben, ich, zimmer, mich, auch",68
40,"Schreckliches Personal. Man könnte meinen man ist auf dem Planet der Affen! Unfreundlich und unqualifiziert! Allein das sie einem Diabetes Erkrankten morgens den Blutzucker messen und … || Ich habe acht Tage im Diabetiszentrum des Krankenhauses Quakenbrück verbracht und kann nur sagen das es absolut klasse ist. Ein tolles Team, kompetent und sehr freundlich. Vielen Dank an Frau Bruns von der Diabetisberatung für die erfolgreiche Sensor || Station 7, 10 Tage, Diabetes Typ 1. Super Ärzte, die wirklich individuell arbeiten und sehr bemüht sind auf jeden einzelnen Patienten einzugehen. Top Verpflegung, kein typisches Krankenhaus essen, noch kein Krankenhaus war so qualitativ und vielseiti",69_diabetes_diabetologie_typ_ich,"diabetes, diabetologie, typ, ich, nicht, essen, und, schulungen, der, die, war, auch",69
40,Notaufnahme ist nicht zu empfehlen! Ohne Worte || Ich habe schlechte Erfahrung bei Notfall Abteilung || Schlechte Notaufnahme!! Die gucken sich nichtmal die Stellen an. Nie wieder!,70_notaufnahme_katastrophe_notfall_schlechte,"notaufnahme, katastrophe, notfall, schlechte, nie, nichtmal, grauem, unnormale, novemberwetter, mittlere, wetterschutz, edelstahl",70
39,"Wegen starker Oberbauchschmerzen und mehrfachen Erbrechens habe ich den ärztlichen Bereitschaftsdienst aufgesucht. Leider habe ich mich nicht ernst genommen gefühlt. Es gab keine weitere Abklärung, und die Kommunikation empfand ich als unangemessen u || Ich MS 5 Tage ich war da in ak Harburg war enttäuscht 5 Tage und sonst gelegen deswegen kriegen sie jetzt wenigstens auf der zwei verschiedene Ärztin war ich schon und deswegen bin ich enttäuscht war aber || Als man mich direkt bei der Polizei Seesen wehgetan hat und ich mich in der Notwehrsituation gegen die Zwangseinweisung in der Psychiatrie befand bin ich misshandelt worden von der Psychiatrie, bin aufs Bett gefesselt worden als ich mich ohne fremd o",71_mir_ich_habe_bin,"mir, ich, habe, bin, psychiatrie, der, nicht, mit, hat, zu, dieser, enttäuscht",71
38,"Ich möchte fünf Sterne für das Diakoniekrankenhaus vergeben. Und zwar besonders für das Essen. Heute hatten wir eine Spinat Lasagne auf Tomatensoße und ein gebackenes Fischfilet mit Kräutersauce ,auf dem Punkt genau gegarten Brokkoli !!!!! … || 5 Sterne sind das Minimum für so eine hervorragende Betreuung. Hier fühlt man sich einfach nur gut aufgehoben. Vielen Dank nochmal an Herrn Ralf Fricke und das gesamte Team. Bei Euch ist man nicht einfach nur eine Nummer. || Fühle mich dort in Guten Händen. Ärzte,Schwestern alle sehr Nett.Gute Aufklärung. Zurecht 5 Sterne von mir.",72_sterne_geben_für_gta,"sterne, geben, für, gta, runtergeladen, fünf, name, silvia, 50, stern, segen, gottes",72
35,"Über Weihnachten war ich wegen einer dringenden OP auf Station 4 untergebracht. Während meines gesamten Aufenthaltes hatte ich keinen Grund zur Klage. Sowohl die Ärzte als auch das Pflegepersonal waren stets sehr freundlich und hilfsbereit. Vielen Da || Vielen Dank... nachdem ich einen Fahrrad Unfall gestern Abend nach meiner Spätschicht hatte und heute Nacht in der Notaufnahme in Minden weggeschickt worden bin,bin ich in die Notaufnahme nach Vehlen gebracht worden......sehr nette und kompetente Kra || Ich war nur einen Tag da, wollte unbedingt wieder nach Hause. ,ich hab gesehen wie anstrengend so ein Job sein kann. Die Pfleger waren immer freundlich. Ich möchte unbedingt was gutes für euch da lassen . Und diese Bewertung ist das mindeste . Weihna",73_weihnachten_allen_weihnachtszeit_dank,"weihnachten, allen, weihnachtszeit, dank, vielen, schöne, sehr, danke, wünsche, an, weihnachtsfest, rutsch",73
35,"Wurde in einer gummizelle festgekettet und von den Stimmen in meinem Kopf dominiert 10/10 Erfahrung gerne wieder || Wenn ich könnte würde ich 0 Sterne geben. Habe auf einen Samstag den Bereitschaftsdienst aufgesucht, da ich Freitag Nacht mit einem Wattestäbchen mein Ohr gereinigt habe und während der Reinigung das Watte-Ende im Ohr abgebrochen ist. Der zu behandel || Ich bin sehr enttäuscht wurde von meiner HNO Ärztin mit einer Einweisung ins KH verwiesen/Notfall mit Hörsturz und die haben mir nur eine Cortison Spritzen Therapie (6) gegeben auf Nachfrage einer Op wurde abgelehnt ! Zweite Meinung anderes KH heute ",74_ohr_hno_ohrenschmerzen_ohren,"ohr, hno, ohrenschmerzen, ohren, ich, dass, operation, der, arzt, ini, hat, in",74
35,"EHEC ist der beste! || top 😊abteilung 31😄 allen sehr nett .bemüht, echt top wenn es 10 sterren geben wuerde wuerden die das auch von mir bekommen … || Marcel ist der beste",75_top_beste_alles_einfach,"top, beste, alles, einfach, sterren, ehec, wuerden, zahnklinig, k58, alles1, nuk, zeiten",75
33,"Alles ist gut || War super hier || Wie immer , alles sehr gut. Rundherum zufrieden.",76_alles_okay_ok_gut,"alles, okay, ok, gut, rumänische, schwertern, fu, a23, ordnung, durchschnitt, ganz, mädchen",76
33,"Es ist zauberhaft, nicht nur auf der Vielfalt der stationen wo mann sich magisch fühlt, es ist auch von Jahreszeit abhängig, tief sommer und Liebesgefühle bis mitte herbst wo alles begint sich zur verabschieden, Königslutter ist der ort wo niemand mi || Schöner Ort || Ein tolles Gebäude,super Einteilung.Tolles Personal.",77_ort_schöner_gebäude_gelände,"ort, schöner, gebäude, gelände, universität, schönes, übertreffen, mann, leute, freundliche, ethisches, beeindruckendes",77
30,"Super informativer Infoabend für werdende Eltern. Man konnte sich schon alles anschauen. Super netter Chefarzt und Hebammen die sie sich die Zeit genommen haben. || Gerade im Bereich Tagesklinik für Kinder und Jugendliche sehr empfehlenswert || Super Personal. Man wird ernst genommen und einem wird gut geholfen. Vor allem die Tageskliniken sind zu empfehlen (sowohl Kinder und Jugend, sowie bei den Erwachsenen).",78_kinder_kinderstation_super_kinderklinik,"kinder, kinderstation, super, kinderklinik, kindgerechte, sehr, kindern, kinderärzte, freundliche, personal, nette, kleinen",78
30,"Kein Ton beim Radio und Fernsehen || Als Patient wird man gut umsorgt. Kostenloses WLAN || Auf Station zwei sind alle sehr freundlich und hilfsbereit Ärzte wissen was sie tun nur das der Fernseher am Tag 8,60€kostet ist sehr unverschämt und das es nur ein Fernseher gibt also das reine abzocke mein mann liegt gerade 10 tage im Krankenhaus u",79_wlan_tv_fernseher_internet,"wlan, tv, fernseher, internet, gibt, ist, zimmer, nur, für, das, man, fernsehen",79
29,"Nettes und kompetentes Personal. Besten Dank an das Röntgen-Personal. Trotz des Stresses und Andrang freundlich und nett. || Alles super. Tolle Zusammenarbeit zwischen MVZ und Röntgenabteilung (keine 30min für 2 Röntgenbilder). Alle sehr freundlich. Die Nachsorge für den Armbruch hat man sehr gerne übernommen (in Paderborn operiert). Was man von Brakel&co nicht behaupten k || Großes Lob an die von Frau Dr. Solveig Schulz geführte Klinik für Strahlentherapie. Meine Ovation geht an Sie und an die Mitarbeiterinnen die sich hervorragend, ja rührend, um mich während der Behandlungen gekümmert haben. Nicht vergessen möcht ich a",80_radiologie_mrt_röntgenabteilung_strahlentherapie,"radiologie, mrt, röntgenabteilung, strahlentherapie, freundlich, sehr, andrang, bestrahlung, nett, röntgen, personal, der",80
29,Wow *_* es sind alle so lieb !! || Alle sind da sehr nett und man fühlt sich dort echt gut aufgehoben. Kann ich nur weiter empfehlen || Da fühlt man sich gut aufgehoben. Alle nett und freundlich.,81_alle_nett_sind_freundlich,"alle, nett, sind, freundlich, sehr, aufgehoben, fühlt, bugla, hilfsbereit, moschee, nina, mega",81
28,"Ich verstehe nicht, warum die Wartezeit in der Notaufnahme so lang ist. In einer Notaufnahme sollte man schnell reagieren und nicht drei bis vier Stunden warten müssen. Auch spät abends und tagsüber ist die Situation dieselbe. || Wenn man mit einem 6,6er hb inkl Notfall Einweisung von 11uhr bis 17uhr warten muß,um von der Notaufnahme auf Station zu kommen,dann ist das nicht nur definitiv zu lang sondern auch nicht ganz ungefährlich!! … || Grade nach 2 Stunden Notaufnahme entlassen",82_notaufnahme_wartezeit_stunden_warten,"notaufnahme, wartezeit, stunden, warten, wartezeiten, lange, notfallaufnahme, reihenfolge, notfälle, in, bis, notfall",82
28,"Mein Mann wird heute – geplant – im Siloah wegen eines Bauchwandbruchs operiert. Ich habe aus diesem Anlass hier soeben einen Gutteil der Rezensionen gelesen … Dass es, für mich unverständlicherweise, so viele schlechte Bewertungen gibt, brachte mich || Mit dem Siloah hab ich bisher nur gute Erfahrungen gemacht. Das Personal ist freundlich, aufmerksam und nimmt sich wirklich Zeit egal ob in der Aufnahme, auf Station oder bei der Pflege. Man fühlt sich gut aufgehoben und merkt, dass hier mit Herz gea || Ich hatte meine erste Operation im Leben gehabt.Also auch dementsprechend viele Fragen und Ängste gehabt.Alle Ärzte/innen und auch das Pflegepersonal haben sich um mich gekümmert und alle Ängste genommen. Insbesondere das Nachtpersonal war echt super",83_siloah_im_das_krankenhaus,"siloah, im, das, krankenhaus, modern, ich, und, gut, war, in, wenn, operation",83
27,"Ich wurde auf Grund eines Fahrradunfalls in die Notaufnahme mit dem Unfallwagen gebracht. Diagnose Trümmerfraktur des Schlüsselbeins und 8 gebrochene Rippen. Mir wurden sofort Schmerzmittel verabreicht so das die anschließenden Untersuchungen für mic || Durch einen Sturz mit dem Fahrrad zog ich mir eine stark blutende Kopfplatzwunde und Hautabschürfungen an Händen, Ellenbogen und Schulter zu. Deshalb wurde ich in der Klinik vorstellig und sofort in die Notfallaufnahme verwiesen. Dort kam … || Habe einen Fahrradunfall gehabt und komme seit 5 Stunden nicht dran, Patienten die viel später als ich angemeldet haben werden drangenommen. Bald kann man es mit Sicherheit nicht mehr nähen, ich habe hier sehr sehr sehr schlechte Erfahrungen gemacht.",84_fahrradunfall_fahrrad_einem_fahrradunfalls,"fahrradunfall, fahrrad, einem, fahrradunfalls, nach, sturz, notaufnahme, fahrradsturz, in, wurde, schulter, narkose",84
27,Freunliche Schwestern und sofortige Hilfe. || Sauberes KKH sehr freundliche Schwestern und Essen OK || Station 6 E Schwester und Freundlichkeit,85_schwester_nette_schwestern_freundliche,"schwester, nette, schwestern, freundliche, hammer, ihr, toll, schüchterne, rocker, reche, queen, powerfrau",85
26,"Heute morgen, mit Lungenentzündung in der Notaufnahme gewesen , es wurde sich sofort um mich gekümmert und das so professionell und freundlich, alles genauestens erklärt, meine Begleitung und ich haben den Oberarzt und die gesamten Mitarbeiter als su || Ich war aufgrund von plötzlich auftretenden Atemproblemen in der Notaufnahme der Diakovere Friederikenstift. Ich kann nur positives berichten. Die Krankenschwestern waren sehr freundlich und gründlich. Der Arzt (Herr Dr. Schrimpf) war … || Ich bin mit einer Lungenentzündung und Wasser in der Lunge eingeliefert worden und innerhalb von 1 Woche höchst liebevoll wieder aufgepeppt worden!!!! Einen ganz großen Dank an alle Pflegerinnen und Pfleger!!!! Ich bin so lieb umsorgt worden!!!Klasse",86_lungenentzündung_lungen_dank_einer,"lungenentzündung, lungen, dank, einer, ich, mich, optimal, vielen, worden, und, nasibov, duschen",86
