Krankenhaus,Anzahl_Standorte,Betten_gesamt,Orte,Kreise,Telefon,E_Mail,Website,Traeger,Quelle
AGAPLESION Diakonieklinikum Rotenburg gGmbH,3,758.0,"Rotenburg (Wümme), Verden (Aller)",Rotenburg (Wümme),04261 77-0,krankenhaus@diako-online.de,www.diako-online.de,AGAPLESION Diakonieklinikum Rotenburg gGmbH,https://www.destatis.de/DE/Themen/Gesellschaft-Umwelt/Gesundheit/Krankenhauser/Publikationen/Downloads-Krankenhaeuser/krankenhausverzeichnis-3500100237005.xlsx?__blob=publicationFile&v=2
AGAPLESION Ev. Bathildiskrankenhaus,1,243.0,Bad Pyrmont,Hameln-Pyrmont,05281 99-0,info@bathildis.de,www.bathildis.de,AGAPLESION Ev. Bathildiskrankenhaus Bad Pyrmont gGmbH,https://www.destatis.de/DE/Themen/Gesellschaft-Umwelt/Gesundheit/Krankenhauser/Publikationen/Downloads-Krankenhaeuser/krankenhausverzeichnis-3500100237005.xlsx?__blob=publicationFile&v=2
AGAPLESION Ev. Klinikum Schaumburg,1,373.0,Obernkirchen,Schaumburg,05724 9580-0,information.ksl@agaplesion.de,www.ev-klinikum-schaumburg.de,AGAPLESION Ev. Klinikum Schaumburg gGmbH,https://www.destatis.de/DE/Themen/Gesellschaft-Umwelt/Gesundheit/Krankenhauser/Publikationen/Downloads-Krankenhaeuser/krankenhausverzeichnis-3500100237005.xlsx?__blob=publicationFile&v=2
AGAPLESION Evangelisches Krankenhaus Holzminden gGmbH,1,181.0,Holzminden,Holzminden,05531 705-0,welcome@evk-holzminden.de,www.evk-holzminden.de,AGAPLESION Evangelisches Krankenhaus Holzminden gGmbH,https://www.destatis.de/DE/Themen/Gesellschaft-Umwelt/Gesundheit/Krankenhauser/Publikationen/Downloads-Krankenhaeuser/krankenhausverzeichnis-3500100237005.xlsx?__blob=publicationFile&v=2
AGAPLESION Krankenhaus Neu-Bethlehem gGmbH,1,130.0,Göttingen,Göttingen,0551 494-0,info@neubethlehem.de,www.neubethlehem.de,AGAPLESION Krankenhaus Neu-Bethlehem gGmbH,https://www.destatis.de/DE/Themen/Gesellschaft-Umwelt/Gesundheit/Krankenhauser/Publikationen/Downloads-Krankenhaeuser/krankenhausverzeichnis-3500100237005.xlsx?__blob=publicationFile&v=2
AMEOS Klinikum Alfeld,1,125.0,Alfeld,Hildesheim,05181 707-0,info@alfeld.ameos.de,www.ameos.eu,AMEOS Klinikum AlfeldGmbH,https://www.destatis.de/DE/Themen/Gesellschaft-Umwelt/Gesundheit/Krankenhauser/Publikationen/Downloads-Krankenhaeuser/krankenhausverzeichnis-3500100237005.xlsx?__blob=publicationFile&v=2
AMEOS Klinikum Hameln,1,40.0,Hameln,Hameln-Pyrmont,05151 9567-8501,info@hameln.ameos.de,www.ameos.eu,AMEOS Krankenhausgesellschaft Niedersachsen mbH,https://www.destatis.de/DE/Themen/Gesellschaft-Umwelt/Gesundheit/Krankenhauser/Publikationen/Downloads-Krankenhaeuser/krankenhausverzeichnis-3500100237005.xlsx?__blob=publicationFile&v=2
AMEOS Klinikum Hildesheim,6,370.0,"Alfeld, Goslar, Hameln, Hildesheim, Holzminden",Hildesheim,05121 103-1,info@hildesheim.ameos.de,www.ameos.eu,AMEOS Krankenhausgesellschaft Niedersachsen mbH,https://www.destatis.de/DE/Themen/Gesellschaft-Umwelt/Gesundheit/Krankenhauser/Publikationen/Downloads-Krankenhaeuser/krankenhausverzeichnis-3500100237005.xlsx?__blob=publicationFile&v=2
AMEOS Klinikum Osnabrück,1,382.0,Osnabrück,"Osnabrück, Stadt",0541 405-0,info@klinikum-os.de,www.klinikum-os.de,AMEOS Krankenhausgesellschaft Niedersachsen mbH,https://www.destatis.de/DE/Themen/Gesellschaft-Umwelt/Gesundheit/Krankenhauser/Publikationen/Downloads-Krankenhaeuser/krankenhausverzeichnis-3500100237005.xlsx?__blob=publicationFile&v=2
AMEOS Klinikum Seepark Geestland GmbH,3,203.0,"Cuxhaven, Geestland, Osterholz-Scharmbeck","Cuxhaven, Osterholz",04743 893-0,info@geestland.ameos.de,www.ameos.eu,AMEOS Klinikum Geestland GmbH,https://www.destatis.de/DE/Themen/Gesellschaft-Umwelt/Gesundheit/Krankenhauser/Publikationen/Downloads-Krankenhaeuser/krankenhausverzeichnis-3500100237005.xlsx?__blob=publicationFile&v=2
ASKLEPIOS Fachklinikum Göttingen,2,436.0,"Göttingen, Seesen",Göttingen,0551 402-0,poststelle.goettingen@asklepios.com,www.asklepios.com,Asklepios Psychiatrie Niedersachsen GmbH,https://www.destatis.de/DE/Themen/Gesellschaft-Umwelt/Gesundheit/Krankenhauser/Publikationen/Downloads-Krankenhaeuser/krankenhausverzeichnis-3500100237005.xlsx?__blob=publicationFile&v=2
ASKLEPIOS FachklinikumTiefenbrunn,1,194.0,Rosdorf,Göttingen,0551 5005-0,poststelle.tiefenbrunn@asklepios.com,www.asklepios.com,Asklepios Psychiatrie Niedersachsen GmbH,https://www.destatis.de/DE/Themen/Gesellschaft-Umwelt/Gesundheit/Krankenhauser/Publikationen/Downloads-Krankenhaeuser/krankenhausverzeichnis-3500100237005.xlsx?__blob=publicationFile&v=2
ASKLEPIOS Harzklinik Bad Harzburg,1,71.0,Bad Harzburg,Goslar,05322 76-0,badharzburg@asklepios.com,www.asklepios.com,Asklepios Harzkliniken GmbH,https://www.destatis.de/DE/Themen/Gesellschaft-Umwelt/Gesundheit/Krankenhauser/Publikationen/Downloads-Krankenhaeuser/krankenhausverzeichnis-3500100237005.xlsx?__blob=publicationFile&v=2
ASKLEPIOS Harzklinik Goslar,1,299.0,Goslar,Goslar,05321 44-0,goslar@asklepios.com,www.asklepios.com,Asklepios Harzkliniken GmbH,https://www.destatis.de/DE/Themen/Gesellschaft-Umwelt/Gesundheit/Krankenhauser/Publikationen/Downloads-Krankenhaeuser/krankenhausverzeichnis-3500100237005.xlsx?__blob=publicationFile&v=2
ASKLEPIOS Kliniken Schildautal Seesen,1,269.0,Seesen,Goslar,05381 74-0,seesen@asklepios.com,www.asklepios.com,Asklepios Klinik Sobernheim GmbH,https://www.destatis.de/DE/Themen/Gesellschaft-Umwelt/Gesundheit/Krankenhauser/Publikationen/Downloads-Krankenhaeuser/krankenhausverzeichnis-3500100237005.xlsx?__blob=publicationFile&v=2
AWO Psychiatriezentrum,7,618.0,"Braunschweig, Gifhorn, Helmstedt, Königslutter am Elm, Peine, Wolfenbüttel, Wolfsburg",Helmstedt,05353 90-0,poststelle@awo-apz.de,www.awo-psychiatriezentrum.de,AWO Niedersachsen gGmbH,https://www.destatis.de/DE/Themen/Gesellschaft-Umwelt/Gesundheit/Krankenhauser/Publikationen/Downloads-Krankenhaeuser/krankenhausverzeichnis-3500100237005.xlsx?__blob=publicationFile&v=2
Albert-Schweitzer-Therapeutikum,1,24.0,Holzminden,Holzminden,05531 9311-0,therapeutikum@familienwerk.de,www.familienwerk.de,Albert-Schweitzer-Familienwerk,https://www.destatis.de/DE/Themen/Gesellschaft-Umwelt/Gesundheit/Krankenhauser/Publikationen/Downloads-Krankenhaeuser/krankenhausverzeichnis-3500100237005.xlsx?__blob=publicationFile&v=2
Aller-Weser-Klinik Krankenhaus Achim,1,124.0,Achim bei Bremen,Verden,04202 998-0,info@aller-weser-klinik.de,www.aller-weser-klinik.de,Aller-Weser-Klinik gGmbH,https://www.destatis.de/DE/Themen/Gesellschaft-Umwelt/Gesundheit/Krankenhauser/Publikationen/Downloads-Krankenhaeuser/krankenhausverzeichnis-3500100237005.xlsx?__blob=publicationFile&v=2
Aller-Weser-Klinik Krankenhaus Verden,1,130.0,Verden (Aller),Verden,04231 103-0,info@aller-weser-klinik.de,www.aller-weser-klinik.de,Aller-Weser-Klinik gGmbH,https://www.destatis.de/DE/Themen/Gesellschaft-Umwelt/Gesundheit/Krankenhauser/Publikationen/Downloads-Krankenhaeuser/krankenhausverzeichnis-3500100237005.xlsx?__blob=publicationFile&v=2
Allgemeines Krankenhaus Celle,1,452.0,Celle,Celle,05141 72-0,info@akh-celle.de,www.akh-celle.de,Stiftung Allgemeines Krankenhaus Celle,https://www.destatis.de/DE/Themen/Gesellschaft-Umwelt/Gesundheit/Krankenhauser/Publikationen/Downloads-Krankenhaeuser/krankenhausverzeichnis-3500100237005.xlsx?__blob=publicationFile&v=2
Ammerland Klinik GmbH,1,444.0,Westerstede,Ammerland,04488 50-0,info@ammerland-klinik.de,www.ammerland-klinik.de,Ammerland Klinik GmbH,https://www.destatis.de/DE/Themen/Gesellschaft-Umwelt/Gesundheit/Krankenhauser/Publikationen/Downloads-Krankenhaeuser/krankenhausverzeichnis-3500100237005.xlsx?__blob=publicationFile&v=2
Augenklinik Dr. Georg,1,25.0,Bad Rothenfelde,Osnabrück,05424 644-0,info@augenklinik-bad-rothenfelde.de,www.augenklinik-bad-rothenfelde.de,Augenklinik Dr. Georg GmbH & Co. KG,https://www.destatis.de/DE/Themen/Gesellschaft-Umwelt/Gesundheit/Krankenhauser/Publikationen/Downloads-Krankenhaeuser/krankenhausverzeichnis-3500100237005.xlsx?__blob=publicationFile&v=2
Augenklinik Dr. Hoffmann,1,19.0,Braunschweig,"Braunschweig, Stadt",0531 273380,verwaltung@augenklinik-dr-hoffmann.de,www.augenklinik-dr-hoffmann.de,"Dres Genée, Weigmann",https://www.destatis.de/DE/Themen/Gesellschaft-Umwelt/Gesundheit/Krankenhauser/Publikationen/Downloads-Krankenhaeuser/krankenhausverzeichnis-3500100237005.xlsx?__blob=publicationFile&v=2
Augenklinik Stadthagen GmbH,1,8.0,Stadthagen,Schaumburg,05721 7808-0,info@augenklinik.org,www.augenklinik-stadthagen.de,Augenklinik Stadthagen GmbH,https://www.destatis.de/DE/Themen/Gesellschaft-Umwelt/Gesundheit/Krankenhauser/Publikationen/Downloads-Krankenhaeuser/krankenhausverzeichnis-3500100237005.xlsx?__blob=publicationFile&v=2
BDH-Klinik Hessisch Oldendorf,1,140.0,Hessisch Oldendorf,Hameln-Pyrmont,05152 781-0,verwaltung@bdh-klinik-hessisch-oldendorf.de,www.bdh-klinik-hessisch-oldendorf.de,BDH - Bundesverband für Rehabilitation und Interessenvertretung Behinderter e.V.,https://www.destatis.de/DE/Themen/Gesellschaft-Umwelt/Gesundheit/Krankenhauser/Publikationen/Downloads-Krankenhaeuser/krankenhausverzeichnis-3500100237005.xlsx?__blob=publicationFile&v=2
Borromäus Hospital Leer gGmbH,1,306.0,Leer,Leer,0491 85-0,info@borro-Leer.de,www.borro-leer.de,Borromäus Hospital Leer gGmbH,https://www.destatis.de/DE/Themen/Gesellschaft-Umwelt/Gesundheit/Krankenhauser/Publikationen/Downloads-Krankenhaeuser/krankenhausverzeichnis-3500100237005.xlsx?__blob=publicationFile&v=2
Bundeswehrkrankenhaus,1,91.0,Westerstede,Ammerland,04488 50-0,BwKrhsWesterstede@bundeswehr.org,www.bundeswehrkrankenhaus-westerstede.de,"Bundesministeriumder Verteidigung, FüSK II 6",https://www.destatis.de/DE/Themen/Gesellschaft-Umwelt/Gesundheit/Krankenhauser/Publikationen/Downloads-Krankenhaeuser/krankenhausverzeichnis-3500100237005.xlsx?__blob=publicationFile&v=2
Burghof-Klinik GmbH,4,226.0,"Aerzen, Rinteln, Stadthagen",Schaumburg,05751 940-0,information@burghof-klinik.de,www.burghof-klinik.de,Burghof-Klinik GmbH,https://www.destatis.de/DE/Themen/Gesellschaft-Umwelt/Gesundheit/Krankenhauser/Publikationen/Downloads-Krankenhaeuser/krankenhausverzeichnis-3500100237005.xlsx?__blob=publicationFile&v=2
Capio Elbe-Jeetzel-Klinik Dannenberg,1,114.0,Dannenberg,Lüchow-Dannenberg,05861 83-0,info@eljek.de,www.elbe-jeetzel-klinik.de,Capio Deutsche Klinik Dannenberg GmbH,https://www.destatis.de/DE/Themen/Gesellschaft-Umwelt/Gesundheit/Krankenhauser/Publikationen/Downloads-Krankenhaeuser/krankenhausverzeichnis-3500100237005.xlsx?__blob=publicationFile&v=2
Christliches Kinderhospital Osnabrück,2,131.0,Osnabrück,"Osnabrück, Stadt",0541 7000-6000,info@ckos.de,www.christliches-kinderhospital.de,Christliches Kinderhospital Osnabrück GmbH,https://www.destatis.de/DE/Themen/Gesellschaft-Umwelt/Gesundheit/Krankenhauser/Publikationen/Downloads-Krankenhaeuser/krankenhausverzeichnis-3500100237005.xlsx?__blob=publicationFile&v=2
Christliches Krankenhaus Quakenbrück,1,445.0,Quakenbrück,Osnabrück,05431 15-0,info@ckq-gmbh.de,www.ckq-gmbh.de,Christliches Krankenhaus Quakenbrück gGmbH,https://www.destatis.de/DE/Themen/Gesellschaft-Umwelt/Gesundheit/Krankenhauser/Publikationen/Downloads-Krankenhaeuser/krankenhausverzeichnis-3500100237005.xlsx?__blob=publicationFile&v=2
Clemens-August-Klinik,1,199.0,Neuenkirchen-Vörden,Vechta,05493 504-0,info@clemensaugust.de,www.clemensaugust.de,Clemens-August-Stift,https://www.destatis.de/DE/Themen/Gesellschaft-Umwelt/Gesundheit/Krankenhauser/Publikationen/Downloads-Krankenhaeuser/krankenhausverzeichnis-3500100237005.xlsx?__blob=publicationFile&v=2
DIAKOVERE Annastift,1,181.0,Hannover,Region Hannover,0511 5354-0,,www.diakovere.de,DIAKOVERE Krankenhaus gGmbH,https://www.destatis.de/DE/Themen/Gesellschaft-Umwelt/Gesundheit/Krankenhauser/Publikationen/Downloads-Krankenhaeuser/krankenhausverzeichnis-3500100237005.xlsx?__blob=publicationFile&v=2
DIAKOVERE Friederikenstift,1,403.0,Hannover,Region Hannover,0511 129-0,,www.diakovere.de,DIAKOVERE Krankenhaus gGmbH,https://www.destatis.de/DE/Themen/Gesellschaft-Umwelt/Gesundheit/Krankenhauser/Publikationen/Downloads-Krankenhaeuser/krankenhausverzeichnis-3500100237005.xlsx?__blob=publicationFile&v=2
DIAKOVERE Henriettenstift,2,465.0,Hannover,Region Hannover,0511 289-0,,www.diakovere.de,DIAKOVERE Krankenhaus gGmbH,https://www.destatis.de/DE/Themen/Gesellschaft-Umwelt/Gesundheit/Krankenhauser/Publikationen/Downloads-Krankenhaeuser/krankenhausverzeichnis-3500100237005.xlsx?__blob=publicationFile&v=2
DRK-Krankenhaus Clementinenhaus,1,202.0,Hannover,Region Hannover,0511 3394-0,info@clementinenhaus.de,www.clementinenhaus.de,DRK-Krankenhaus Clementinenhaus Stiftung bürgerlichen Rechts,https://www.destatis.de/DE/Themen/Gesellschaft-Umwelt/Gesundheit/Krankenhauser/Publikationen/Downloads-Krankenhaeuser/krankenhausverzeichnis-3500100237005.xlsx?__blob=publicationFile&v=2
Deister-Süntel-Klinik GmbH,1,58.0,Bad Münder am Deister,Hameln-Pyrmont,05042 602-0,,www.dsk-bm.de,Deister-Süntel-Klinik GmbH,https://www.destatis.de/DE/Themen/Gesellschaft-Umwelt/Gesundheit/Krankenhauser/Publikationen/Downloads-Krankenhaeuser/krankenhausverzeichnis-3500100237005.xlsx?__blob=publicationFile&v=2
Delme Klinikum Delmenhorst,1,286.0,Delmenhorst,"Delmenhorst, Stadt",04221 99-3,info@delme-klinikum.de,www.delme-klinikum.de,Delme Klinikum Delmenhorst GmbH,https://www.destatis.de/DE/Themen/Gesellschaft-Umwelt/Gesundheit/Krankenhauser/Publikationen/Downloads-Krankenhaeuser/krankenhausverzeichnis-3500100237005.xlsx?__blob=publicationFile&v=2
Diabeteszentrum Bad Lauterberg Fachklinik für Diabetes und Stoffwechselkrankheiten,1,62.0,Bad Lauterberg im Harz,Göttingen,05524 81-1,klinik@diabeteszentrum.de,www.diabeteszentrum.de,Gemeinnützige Stiftung für Diabetes-Therapie Bad Lauterberg,https://www.destatis.de/DE/Themen/Gesellschaft-Umwelt/Gesundheit/Krankenhauser/Publikationen/Downloads-Krankenhaeuser/krankenhausverzeichnis-3500100237005.xlsx?__blob=publicationFile&v=2
Diana Kliniken,1,25.0,Bad Bevensen,Uelzen,05821 80-0,diana@diana-klinik.de,www.diana-klinik.de,Diana Krankenhaus-betriebsgesellschaft mbH,https://www.destatis.de/DE/Themen/Gesellschaft-Umwelt/Gesundheit/Krankenhauser/Publikationen/Downloads-Krankenhaeuser/krankenhausverzeichnis-3500100237005.xlsx?__blob=publicationFile&v=2
Eilenriede Klinik Hannover,1,42.0,Hannover,Region Hannover,0511 99044-0,,www.eilenriedeklinik.de,Venenzentrum Braunschweig GmbH,https://www.destatis.de/DE/Themen/Gesellschaft-Umwelt/Gesundheit/Krankenhauser/Publikationen/Downloads-Krankenhaeuser/krankenhausverzeichnis-3500100237005.xlsx?__blob=publicationFile&v=2
Einbecker Bürgerspital GmbH,1,103.0,Einbeck,Northeim,05561 940-0,info@einbecker-buergerspital.de,www.einbecker-buergerspital.de,Einbecker BürgerspitalGmbH,https://www.destatis.de/DE/Themen/Gesellschaft-Umwelt/Gesundheit/Krankenhauser/Publikationen/Downloads-Krankenhaeuser/krankenhausverzeichnis-3500100237005.xlsx?__blob=publicationFile&v=2
Elbe Klinikum Buxtehude,1,303.0,Buxtehude,Stade,04161 703-0,info@elbekliniken.de,www.elbekliniken.de,Elbe Klinikum Stade-Buxtehude GmbH,https://www.destatis.de/DE/Themen/Gesellschaft-Umwelt/Gesundheit/Krankenhauser/Publikationen/Downloads-Krankenhaeuser/krankenhausverzeichnis-3500100237005.xlsx?__blob=publicationFile&v=2
Elbe Klinikum Stade,1,576.0,"Stade, Niederelbe",Stade,04141 97-0,info@elbekliniken.de,www.elbekliniken.de,Elbe Klinikum Stade-Buxtehude GmbH,https://www.destatis.de/DE/Themen/Gesellschaft-Umwelt/Gesundheit/Krankenhauser/Publikationen/Downloads-Krankenhaeuser/krankenhausverzeichnis-3500100237005.xlsx?__blob=publicationFile&v=2
Euregio Klinik Albert-Schweitzer-Straße GmbH,1,387.0,Nordhorn,Grafschaft Bentheim,05921 84-0,info@euregio-klinik.de,www.euregio-klinik.de,Euregio Klinik Grafschaft Bentheim Holding GmbH,https://www.destatis.de/DE/Themen/Gesellschaft-Umwelt/Gesundheit/Krankenhauser/Publikationen/Downloads-Krankenhaeuser/krankenhausverzeichnis-3500100237005.xlsx?__blob=publicationFile&v=2
Euregio Klinik Hannoverstraße GmbH,1,77.0,Nordhorn,Grafschaft Bentheim,05921 171-0,info@hs.euregio-klinik.de,www.euregio-klinik.de,Euregio Klinik Grafschaft Bentheim Holding GmbH,https://www.destatis.de/DE/Themen/Gesellschaft-Umwelt/Gesundheit/Krankenhauser/Publikationen/Downloads-Krankenhaeuser/krankenhausverzeichnis-3500100237005.xlsx?__blob=publicationFile&v=2
Ev. Krankenhaus Göttingen Weende gGmbH Standort Neu-Mariahilf,1,103.0,Göttingen,Göttingen,0551 4963-0,info@ekweende.de,www.ekweende.de,Evangelisches Krankenhaus Göttingen-Weende gGmbH,https://www.destatis.de/DE/Themen/Gesellschaft-Umwelt/Gesundheit/Krankenhauser/Publikationen/Downloads-Krankenhaeuser/krankenhausverzeichnis-3500100237005.xlsx?__blob=publicationFile&v=2
Ev.-luth. Diakonissenanstalt Marienstift,1,163.0,Braunschweig,"Braunschweig, Stadt",0531 7011-0,marienstift@marienstift-braunschweig.de,www.marienstift-braunschweig.de,Ev.-luth. Diakonissenanstalt Marienstift,https://www.destatis.de/DE/Themen/Gesellschaft-Umwelt/Gesundheit/Krankenhauser/Publikationen/Downloads-Krankenhaeuser/krankenhausverzeichnis-3500100237005.xlsx?__blob=publicationFile&v=2
Evangelisches Krankenhaus Göttingen-Weende gGmbH,1,452.0,Göttingen,Göttingen,0551 5034-0,kontakt@ekweende.de,www.ekweende.de,Evangelisches Krankenhaus Göttingen-Weende gGmbH,https://www.destatis.de/DE/Themen/Gesellschaft-Umwelt/Gesundheit/Krankenhauser/Publikationen/Downloads-Krankenhaeuser/krankenhausverzeichnis-3500100237005.xlsx?__blob=publicationFile&v=2
Evangelisches Krankenhaus Oldenburg,1,448.0,Oldenburg (Oldb.),"Oldenburg (Oldenburg), Stadt",0441 236-0,info@evangelischeskrankenhaus.de,www.evangelischeskrankenhaus.de,Evangelische Krankenhausstiftung Oldenburg,https://www.destatis.de/DE/Themen/Gesellschaft-Umwelt/Gesundheit/Krankenhauser/Publikationen/Downloads-Krankenhaeuser/krankenhausverzeichnis-3500100237005.xlsx?__blob=publicationFile&v=2
FACHKLINIK BAD BENTHEIM Thermalsole- und Schwefelbad Bentheim GmbH,1,68.0,Bad Bentheim,Grafschaft Bentheim,05922 74-0,info@fk-bentheim.de,www.fk-bentheim.de,Thermalsole- und Schwefelbad Bentheim GmbH,https://www.destatis.de/DE/Themen/Gesellschaft-Umwelt/Gesundheit/Krankenhauser/Publikationen/Downloads-Krankenhaeuser/krankenhausverzeichnis-3500100237005.xlsx?__blob=publicationFile&v=2
Fachklinik für Orthopädie und Rheumatologie Dr. Muschinsky,1,32.0,Bad Lauterberg,Göttingen,05524 858-0,info@muschinsky.de,www.muschinsky.de,Fachklinik für Orthopädie und Rheumatologie Dr. Muschinsky GmbH & Co. KG,https://www.destatis.de/DE/Themen/Gesellschaft-Umwelt/Gesundheit/Krankenhauser/Publikationen/Downloads-Krankenhaeuser/krankenhausverzeichnis-3500100237005.xlsx?__blob=publicationFile&v=2
Falkenried Caduceus Klinik GmbH,1,33.0,Bad Bevensen,Uelzen,05821 9775-0,klinik@caduceus.de,www.caduceus-klinik.de,Falkenried Caduceus Klinik GmbH,https://www.destatis.de/DE/Themen/Gesellschaft-Umwelt/Gesundheit/Krankenhauser/Publikationen/Downloads-Krankenhaeuser/krankenhausverzeichnis-3500100237005.xlsx?__blob=publicationFile&v=2
Heidekreis Klinikum GmbH Krankenhaus Soltau,1,123.0,Soltau,Heidekreis,05191 602-0,info@heidekreis-klinikum.de,www.heidekreis-klinikum.de,Heidekreis Klinikum gGmbH,https://www.destatis.de/DE/Themen/Gesellschaft-Umwelt/Gesundheit/Krankenhauser/Publikationen/Downloads-Krankenhaeuser/krankenhausverzeichnis-3500100237005.xlsx?__blob=publicationFile&v=2
Heidekreis Klinikum GmbH Krankenhaus Walsrode,1,201.0,Walsrode,Heidekreis,05161 602-0,info@heidekreis-klinikum.de,www.heidekreis-klinikum.de,Heidekreis Klinikum gGmbH,https://www.destatis.de/DE/Themen/Gesellschaft-Umwelt/Gesundheit/Krankenhauser/Publikationen/Downloads-Krankenhaeuser/krankenhausverzeichnis-3500100237005.xlsx?__blob=publicationFile&v=2
Helios Albert-Schweitzer-Klinik Northeim,1,224.0,Northeim,Northeim,05551 97-0,information.northeim@helios-gesundheit.de,www.helios-gesundheit.de,Helios Albert-Schweitzer-Klinik Northeim GmbH,https://www.destatis.de/DE/Themen/Gesellschaft-Umwelt/Gesundheit/Krankenhauser/Publikationen/Downloads-Krankenhaeuser/krankenhausverzeichnis-3500100237005.xlsx?__blob=publicationFile&v=2
Helios Klinik Cuxhaven GmbH,1,242.0,Cuxhaven,Cuxhaven,04721 78-0,info.cuxhaven@helios-gesundheit.de,www.helios-gesundheit.de,Helios Klinik Cuxhaven GmbH,https://www.destatis.de/DE/Themen/Gesellschaft-Umwelt/Gesundheit/Krankenhauser/Publikationen/Downloads-Krankenhaeuser/krankenhausverzeichnis-3500100237005.xlsx?__blob=publicationFile&v=2
Helios Klinik Wesermarsch Nordenham GmbH,1,89.0,Nordenham,Wesermarsch,04731 947-0,info.nordenham@helios-gesundheit.de,www.helios-gesundheit.de,Helios Klinik Wesermarsch Nordenham GmbH,https://www.destatis.de/DE/Themen/Gesellschaft-Umwelt/Gesundheit/Krankenhauser/Publikationen/Downloads-Krankenhaeuser/krankenhausverzeichnis-3500100237005.xlsx?__blob=publicationFile&v=2
Helios Klinik Wittingen GmbH,1,55.0,Wittingen,Gifhorn,05831 22-0,info.wittingen@helios-gesundheit.de,www.helios-gesundheit.de,Helios Klinik Wittingen GmbH,https://www.destatis.de/DE/Themen/Gesellschaft-Umwelt/Gesundheit/Krankenhauser/Publikationen/Downloads-Krankenhaeuser/krankenhausverzeichnis-3500100237005.xlsx?__blob=publicationFile&v=2
Helios Kliniken Herzberg und Osterode GmbH,1,248.0,Herzberg am Harz,Göttingen,05521 866-0,info.herzberg@helios-gesundheit.de,www.helios-gesundheit.de,Helios Kliniken Herzberg und Osterode GmbH,https://www.destatis.de/DE/Themen/Gesellschaft-Umwelt/Gesundheit/Krankenhauser/Publikationen/Downloads-Krankenhaeuser/krankenhausverzeichnis-3500100237005.xlsx?__blob=publicationFile&v=2
Helios Kliniken Mittelweser GmbH Klinik Nienburg,1,292.0,Nienburg,Nienburg (Weser),05021 9210-0,info.mittelweser@helios-gesundheit.de,www.helios-gesundheit.de,Helios Kliniken Mittelweser GmbH,https://www.destatis.de/DE/Themen/Gesellschaft-Umwelt/Gesundheit/Krankenhauser/Publikationen/Downloads-Krankenhaeuser/krankenhausverzeichnis-3500100237005.xlsx?__blob=publicationFile&v=2
Helios Kliniken Mittelweser GmbH Klinik Stolzenau,1,63.0,Stolzenau,Nienburg (Weser),05761 9007-0,info.mittelweser@helios-gesundheit.de,www.helios-gesundheit.de,Helios Kliniken Mittelweser GmbH,https://www.destatis.de/DE/Themen/Gesellschaft-Umwelt/Gesundheit/Krankenhauser/Publikationen/Downloads-Krankenhaeuser/krankenhausverzeichnis-3500100237005.xlsx?__blob=publicationFile&v=2
Helios Klinikum Gifhorn GmbH,1,372.0,Gifhorn,Gifhorn,05371 87-0,sekretariat.gf@helios-gesundheit.de,www.helios-gesundheit.de,Helios Klinikum Gifhorn Gmbh,https://www.destatis.de/DE/Themen/Gesellschaft-Umwelt/Gesundheit/Krankenhauser/Publikationen/Downloads-Krankenhaeuser/krankenhausverzeichnis-3500100237005.xlsx?__blob=publicationFile&v=2
Helios Klinikum Hildesheim GmbH,1,578.0,Hildesheim,Hildesheim,05121 89-0,gf.hildesheim@helios-gesundheit.de,www.helios-gesundheit.de,Helios Klinikum Hildesheim GmbH,https://www.destatis.de/DE/Themen/Gesellschaft-Umwelt/Gesundheit/Krankenhauser/Publikationen/Downloads-Krankenhaeuser/krankenhausverzeichnis-3500100237005.xlsx?__blob=publicationFile&v=2
Helios Klinikum Salzgitter GmbH,1,279.0,Salzgitter,"Salzgitter, Stadt",05341 835-0,info.salzgitter@helios-gesundheit.de,www.helios-gesundheit.de,Helios Klinikum Salzgitter GmbH,https://www.destatis.de/DE/Themen/Gesellschaft-Umwelt/Gesundheit/Krankenhauser/Publikationen/Downloads-Krankenhaeuser/krankenhausverzeichnis-3500100237005.xlsx?__blob=publicationFile&v=2
Helios Klinikum Uelzen GmbH,1,303.0,"Uelzen, Lüneburger Heide",Uelzen,0581 83-0,info.uelzen@helios-gesundheit.de,www.helios-gesundheit.de,Helios Klinikum Uelzen GmbH,https://www.destatis.de/DE/Themen/Gesellschaft-Umwelt/Gesundheit/Krankenhauser/Publikationen/Downloads-Krankenhaeuser/krankenhausverzeichnis-3500100237005.xlsx?__blob=publicationFile&v=2
Helios St. Marienberg Klinik Helmstedt,1,300.0,Helmstedt,Helmstedt,05351 14-0,info.helmstedt@helios-gesundheit.de,www.helios-gesundheit.de/helmstedt,Helios St. Marienberg Klinik Helmstedt GmbH,https://www.destatis.de/DE/Themen/Gesellschaft-Umwelt/Gesundheit/Krankenhauser/Publikationen/Downloads-Krankenhaeuser/krankenhausverzeichnis-3500100237005.xlsx?__blob=publicationFile&v=2
Herz- und Gefäßzentrum Bad Bevensen,1,230.0,Bad Bevensen,Uelzen,05821 82-0,info@hgz-bb.de,www.hgz-bb.de,Herz-Kreislauf-Klinik Bevensen AG,https://www.destatis.de/DE/Themen/Gesellschaft-Umwelt/Gesundheit/Krankenhauser/Publikationen/Downloads-Krankenhaeuser/krankenhausverzeichnis-3500100237005.xlsx?__blob=publicationFile&v=2
Herzogin-Elisabeth-Hospital,1,245.0,Braunschweig,"Braunschweig, Stadt",0531 699-0,info@heh-bs.de,www.heh-bs.de,Herzogin-Elisabeth-Hospital,https://www.destatis.de/DE/Themen/Gesellschaft-Umwelt/Gesundheit/Krankenhauser/Publikationen/Downloads-Krankenhaeuser/krankenhausverzeichnis-3500100237005.xlsx?__blob=publicationFile&v=2
Hümmling Krankenhaus Sögel,1,178.0,Sögel,Emsland,05952 209-0,verwaltung@hospital-soegel.de,www.huemmling-hospital-soegel.de,Hümmling Hospital Sögel gGmbH,https://www.destatis.de/DE/Themen/Gesellschaft-Umwelt/Gesundheit/Krankenhauser/Publikationen/Downloads-Krankenhaeuser/krankenhausverzeichnis-3500100237005.xlsx?__blob=publicationFile&v=2
INI International Neuroscience Institute Hannover,1,114.0,Hannover,Region Hannover,0511 27092-0,info@ini-hannover.de,www.ini-hannover.com,INI Hannover GmbH,https://www.destatis.de/DE/Themen/Gesellschaft-Umwelt/Gesundheit/Krankenhauser/Publikationen/Downloads-Krankenhaeuser/krankenhausverzeichnis-3500100237005.xlsx?__blob=publicationFile&v=2
Inselkrankenhaus Borkum gGmbH,1,16.0,Borkum,Leer,04922 9300-15,info@inselkrankenhaus-borkum.de,www.inselkrankenhaus-borkum.de,Nextclinics International GmbH,https://www.destatis.de/DE/Themen/Gesellschaft-Umwelt/Gesundheit/Krankenhauser/Publikationen/Downloads-Krankenhaeuser/krankenhausverzeichnis-3500100237005.xlsx?__blob=publicationFile&v=2
"Johann-Wilhelm-Ritter-Klinik Akut-, AHB- und Rehabilitationsklinik",1,33.0,Bad Rothenfelde,Osnabrück,05424 645-0,info@hautklinik.de,www.hautklinik.de,J.-W. Ritter-Klinik GmbH & Co. KG,https://www.destatis.de/DE/Themen/Gesellschaft-Umwelt/Gesundheit/Krankenhauser/Publikationen/Downloads-Krankenhaeuser/krankenhausverzeichnis-3500100237005.xlsx?__blob=publicationFile&v=2
Johanniter-Krankenhaus Gronau GmbH,1,117.0,Gronau (Leine),Hildesheim,05182 583-0,info@johanniter-gronau.de,www.johanniter.de,Johanniter-Krankenhaus Gronau GmbH,https://www.destatis.de/DE/Themen/Gesellschaft-Umwelt/Gesundheit/Krankenhauser/Publikationen/Downloads-Krankenhaeuser/krankenhausverzeichnis-3500100237005.xlsx?__blob=publicationFile&v=2
KRH-Klinikum Agnes Karll Laatzen,1,246.0,Laatzen,Region Hannover,0511 8208-0,info.laatzen@krh.eu,www.krh.eu,Klinikum Region Hannover GmbH,https://www.destatis.de/DE/Themen/Gesellschaft-Umwelt/Gesundheit/Krankenhauser/Publikationen/Downloads-Krankenhaeuser/krankenhausverzeichnis-3500100237005.xlsx?__blob=publicationFile&v=2
KRH-Klinikum Großburgwedel,1,216.0,Burgwedel,Region Hannover,05139 801-1,info.burgwedel@krh.eu,www.krh.eu,Klinikum Region Hannover GmbH,https://www.destatis.de/DE/Themen/Gesellschaft-Umwelt/Gesundheit/Krankenhauser/Publikationen/Downloads-Krankenhaeuser/krankenhausverzeichnis-3500100237005.xlsx?__blob=publicationFile&v=2
KRH-Klinikum Lehrte,1,158.0,Lehrte,Region Hannover,05132 503-0,info.lehrte@krh.eu,www.krh.eu,Klinikum Region Hannover GmbH,https://www.destatis.de/DE/Themen/Gesellschaft-Umwelt/Gesundheit/Krankenhauser/Publikationen/Downloads-Krankenhaeuser/krankenhausverzeichnis-3500100237005.xlsx?__blob=publicationFile&v=2
KRH-Klinikum Neustadt am Rübenberge,1,272.0,Neustadt am Rübenberge,Region Hannover,05032 88-0,info.neustadt@krh.eu,www.krh.eu,Klinikum Region Hannover GmbH,https://www.destatis.de/DE/Themen/Gesellschaft-Umwelt/Gesundheit/Krankenhauser/Publikationen/Downloads-Krankenhaeuser/krankenhausverzeichnis-3500100237005.xlsx?__blob=publicationFile&v=2
KRH-Klinikum Nordstadt,1,408.0,Hannover,Region Hannover,0511 970-0,info.nordstadt@krh.de,www.krh.de,Klinikum Region Hannover GmbH,https://www.destatis.de/DE/Themen/Gesellschaft-Umwelt/Gesundheit/Krankenhauser/Publikationen/Downloads-Krankenhaeuser/krankenhausverzeichnis-3500100237005.xlsx?__blob=publicationFile&v=2
KRH-Klinikum Robert Koch Gehrden,1,349.0,Gehrden,Region Hannover,05108 69-0,info.gehrden@krh.eu,www.krh.eu,Klinikum Region Hannover GmbH,https://www.destatis.de/DE/Themen/Gesellschaft-Umwelt/Gesundheit/Krankenhauser/Publikationen/Downloads-Krankenhaeuser/krankenhausverzeichnis-3500100237005.xlsx?__blob=publicationFile&v=2
KRH-Klinikum Siloah,1,564.0,Hannover,Region Hannover,0511 927-0,info.siloah@krh.eu,www.krh.eu,Klinikum Region Hannover GmbH,https://www.destatis.de/DE/Themen/Gesellschaft-Umwelt/Gesundheit/Krankenhauser/Publikationen/Downloads-Krankenhaeuser/krankenhausverzeichnis-3500100237005.xlsx?__blob=publicationFile&v=2
Karl-Jaspers-Klinik,6,486.0,"Bad Zwischenahn, Brake, Cloppenburg, Delmenhorst, Westerstede",Ammerland,0441 9615-0,info@kjk.de,www.karl-jaspers-klinik.de,Psychiatrieverbund Oldenburger Land gGmbH,https://www.destatis.de/DE/Themen/Gesellschaft-Umwelt/Gesundheit/Krankenhauser/Publikationen/Downloads-Krankenhaeuser/krankenhausverzeichnis-3500100237005.xlsx?__blob=publicationFile&v=2
Karl-Jaspers-Klinik für Psychosomatische Medizin und Psychotherapie,1,40.0,Westerstede,Ammerland,0441 9615-0,info@kjk.de,www.karl-jaspers-klinik.de,Psychiatrieverbund Oldenburger Land gGmbH,https://www.destatis.de/DE/Themen/Gesellschaft-Umwelt/Gesundheit/Krankenhauser/Publikationen/Downloads-Krankenhaeuser/krankenhausverzeichnis-3500100237005.xlsx?__blob=publicationFile&v=2
Kinder- und Jugendkrankenhaus auf der Bult,3,235.0,"Celle, Hannover",Region Hannover,0511 8115-0,info@hka.de,www.auf-der-bult.de,Stiftung Hannoversche Kinderheilanstalt,https://www.destatis.de/DE/Themen/Gesellschaft-Umwelt/Gesundheit/Krankenhauser/Publikationen/Downloads-Krankenhaeuser/krankenhausverzeichnis-3500100237005.xlsx?__blob=publicationFile&v=2
Kinderhospital Osnabrück am Schölerberg,2,49.0,"Osnabrück, Twistringen","Osnabrück, Stadt",0541 5602-0,info@kinderhospital.de,www.kinderhospital.de,Stiftung Kinderhospital Osnabrück,https://www.destatis.de/DE/Themen/Gesellschaft-Umwelt/Gesundheit/Krankenhauser/Publikationen/Downloads-Krankenhaeuser/krankenhausverzeichnis-3500100237005.xlsx?__blob=publicationFile&v=2
Kirchberg Klinik,1,35.0,Bad Lauterberg im Harz,Göttingen,05524 859-0,info@kirchbergklinik.de,www.kirchbergklinik.de,Gollée GmbH & Co.,https://www.destatis.de/DE/Themen/Gesellschaft-Umwelt/Gesundheit/Krankenhauser/Publikationen/Downloads-Krankenhaeuser/krankenhausverzeichnis-3500100237005.xlsx?__blob=publicationFile&v=2
Klinik Bassum,3,241.0,"Bassum, Diepholz, Twistringen",Diepholz,04241 81-0,,www.kliniken-lkd.de,Kliniken Landkreis Diepholz gGmbH,https://www.destatis.de/DE/Themen/Gesellschaft-Umwelt/Gesundheit/Krankenhauser/Publikationen/Downloads-Krankenhaeuser/krankenhausverzeichnis-3500100237005.xlsx?__blob=publicationFile&v=2
Klinik Diepholz,1,116.0,Diepholz,Diepholz,05441 972-0,,www.kliniken-lkd.de,Kliniken Landkreis Diepholz gGmbH,https://www.destatis.de/DE/Themen/Gesellschaft-Umwelt/Gesundheit/Krankenhauser/Publikationen/Downloads-Krankenhaeuser/krankenhausverzeichnis-3500100237005.xlsx?__blob=publicationFile&v=2
Klinik Dr. Barner Fachklinik für Psychosomatische und Psychotherapeutische Medizin,1,80.0,Braunlage,Goslar,,,www.klinik-barner.de,Klinik Dr. Barner Fachklinik für Psychosomatische und Psychotherapeutische Medizin,https://www.destatis.de/DE/Themen/Gesellschaft-Umwelt/Gesundheit/Krankenhauser/Publikationen/Downloads-Krankenhaeuser/krankenhausverzeichnis-3500100237005.xlsx?__blob=publicationFile&v=2
Klinik Dr. Hancken,1,47.0,"Stade, Niederelbe",Stade,04141 604-0,info@hancken.de,www.hancken.de,Klinik Dr. Hancken GmbH,https://www.destatis.de/DE/Themen/Gesellschaft-Umwelt/Gesundheit/Krankenhauser/Publikationen/Downloads-Krankenhaeuser/krankenhausverzeichnis-3500100237005.xlsx?__blob=publicationFile&v=2
Klinik Dr. Witwity,1,23.0,"Stade, Niederelbe",Stade,04141 959-0,info@klinik-witwity.de,www.klinik-witwity.de,Klinik Dr. med. T. Witwity GmbH,https://www.destatis.de/DE/Themen/Gesellschaft-Umwelt/Gesundheit/Krankenhauser/Publikationen/Downloads-Krankenhaeuser/krankenhausverzeichnis-3500100237005.xlsx?__blob=publicationFile&v=2
Klinik Fallingbostel Fachklinik für Herz- und Kreislauferkrankungen,1,22.0,Bad Fallingbostel,Heidekreis,05162 44-0,info@klinik-fallingbostel.de,www.klinikfallingbostel.de,von Graevemeyer GmbH & Co KG,https://www.destatis.de/DE/Themen/Gesellschaft-Umwelt/Gesundheit/Krankenhauser/Publikationen/Downloads-Krankenhaeuser/krankenhausverzeichnis-3500100237005.xlsx?__blob=publicationFile&v=2
Klinik Lilienthal,1,109.0,Lilienthal bei Bremen,Osterholz,04298 271-0,info@klinik-lilienthal.de,www.klinik-lilienthal.de,Klinik Lilienthal im Artemed-Klinikverbund,https://www.destatis.de/DE/Themen/Gesellschaft-Umwelt/Gesundheit/Krankenhauser/Publikationen/Downloads-Krankenhaeuser/krankenhausverzeichnis-3500100237005.xlsx?__blob=publicationFile&v=2
Klinik Sulingen,1,127.0,Sulingen,Diepholz,04271 82-0,,www.kliniken-lkd.de,Kliniken Landkreis Diepholz gGmbH,https://www.destatis.de/DE/Themen/Gesellschaft-Umwelt/Gesundheit/Krankenhauser/Publikationen/Downloads-Krankenhaeuser/krankenhausverzeichnis-3500100237005.xlsx?__blob=publicationFile&v=2
Klinik am Zuckerberg GmbH,1,15.0,Braunschweig,"Braunschweig, Stadt",0531 26330,info@klinikamzuckerberg.de,www.klinikamzuckerberg.de,Klinik am Zuckerberg GmbH,https://www.destatis.de/DE/Themen/Gesellschaft-Umwelt/Gesundheit/Krankenhauser/Publikationen/Downloads-Krankenhaeuser/krankenhausverzeichnis-3500100237005.xlsx?__blob=publicationFile&v=2
Klinik für Kinder- und Jugendpsychotherapie Wichernstift gGmbH,3,51.0,"Brake, Cuxhaven, Ganderkesee",Oldenburg,04221 852-0,klinik@wichernsstift.de,www.wichernstift.de,Ev.-luth. Wichernstift Ganderkesee,https://www.destatis.de/DE/Themen/Gesellschaft-Umwelt/Gesundheit/Krankenhauser/Publikationen/Downloads-Krankenhaeuser/krankenhausverzeichnis-3500100237005.xlsx?__blob=publicationFile&v=2
Klinikum Emden Hans-Susemihl-Krankenhaus gGmbH,2,358.0,"Emden, Leer (Ostfriesland)","Emden, Stadt",04921 98-0,info@klinikum-emden.de,www.klinikum-emden.de,Klinikum Emden Hans-Susemihl Krankenhaus gGmbH,https://www.destatis.de/DE/Themen/Gesellschaft-Umwelt/Gesundheit/Krankenhauser/Publikationen/Downloads-Krankenhaeuser/krankenhausverzeichnis-3500100237005.xlsx?__blob=publicationFile&v=2
Klinikum Hann. Münden GmbH,1,160.0,Hann. Münden,Göttingen,05541 996-0,,www.khmue.de,Klinikum Hann. Münden GmbH,https://www.destatis.de/DE/Themen/Gesellschaft-Umwelt/Gesundheit/Krankenhauser/Publikationen/Downloads-Krankenhaeuser/krankenhausverzeichnis-3500100237005.xlsx?__blob=publicationFile&v=2
Klinikum Leer gGmbH,1,390.0,Leer,Leer,0491 86-0,info@klinikum-leer.de,www.klinikum-leer.de,Klinikum Leer gGmbH,https://www.destatis.de/DE/Themen/Gesellschaft-Umwelt/Gesundheit/Krankenhauser/Publikationen/Downloads-Krankenhaeuser/krankenhausverzeichnis-3500100237005.xlsx?__blob=publicationFile&v=2
Klinikum Oldenburg gGmbH,1,752.0,Oldenburg (Oldb.),"Oldenburg (Oldenburg), Stadt",0441 403-0,info@klinikum-oldenburg.de,www.klinikum-oldenburg.de,Klinikum Oldenburg gGmbH,https://www.destatis.de/DE/Themen/Gesellschaft-Umwelt/Gesundheit/Krankenhauser/Publikationen/Downloads-Krankenhaeuser/krankenhausverzeichnis-3500100237005.xlsx?__blob=publicationFile&v=2
Klinikum Osnabrück,1,786.0,Osnabrück,"Osnabrück, Stadt",0541 405-0,info@klinikum-os.de,www.klinikum-os.de,Klinikum Osnabrück GmbH,https://www.destatis.de/DE/Themen/Gesellschaft-Umwelt/Gesundheit/Krankenhauser/Publikationen/Downloads-Krankenhaeuser/krankenhausverzeichnis-3500100237005.xlsx?__blob=publicationFile&v=2
Klinikum Peine gGmbH,1,207.0,Peine,Peine,05171 93-0,klinikuminfo@klinikum-peine.de,www.klinikum-peine.de,Klinikum Peine gGmbH,https://www.destatis.de/DE/Themen/Gesellschaft-Umwelt/Gesundheit/Krankenhauser/Publikationen/Downloads-Krankenhaeuser/krankenhausverzeichnis-3500100237005.xlsx?__blob=publicationFile&v=2
Klinikum Region Hannover,3,425.0,"Hannover, Nienburg (Weser), Wunstorf",Region Hannover,05031 93-0,info.wunstorf@krh.eu,www.krh.eu,Klinikum Region Hannover Psychiatrie GmbH,https://www.destatis.de/DE/Themen/Gesellschaft-Umwelt/Gesundheit/Krankenhauser/Publikationen/Downloads-Krankenhaeuser/krankenhausverzeichnis-3500100237005.xlsx?__blob=publicationFile&v=2
Klinikum Region Hannover GmbH Geriatrie Langenhagen,1,46.0,Langenhagen,Region Hannover,0511 7300-01,info.geriatrie-langenhagen@krh.de,www.krh.de,Klinikum Region Hannover GmbH,https://www.destatis.de/DE/Themen/Gesellschaft-Umwelt/Gesundheit/Krankenhauser/Publikationen/Downloads-Krankenhaeuser/krankenhausverzeichnis-3500100237005.xlsx?__blob=publicationFile&v=2
Klinikum Region Hannover GmbH Psychiatrie Langenhagen,2,202.0,"Hannover, Langenhagen",Region Hannover,0511 7300-03,info.psychiatrie-langenhagen@krh.eu,www.krh.eu,Klinikum Region Hannover GmbH,https://www.destatis.de/DE/Themen/Gesellschaft-Umwelt/Gesundheit/Krankenhauser/Publikationen/Downloads-Krankenhaeuser/krankenhausverzeichnis-3500100237005.xlsx?__blob=publicationFile&v=2
Klinikum Wahrendorff GmbH,5,269.0,"Hannover, Lehrte bei Hannover, Sehnde",Region Hannover,05132 90-0,mail@wahrendorff.de,www.wahrendorff.de,Klinikum Wahrendorff GmbH,https://www.destatis.de/DE/Themen/Gesellschaft-Umwelt/Gesundheit/Krankenhauser/Publikationen/Downloads-Krankenhaeuser/krankenhausverzeichnis-3500100237005.xlsx?__blob=publicationFile&v=2
Klinikum Wilhelmshaven gGmbH,1,489.0,Wilhelmshaven,"Wilhelmshaven, Stadt",04421 89-0,info@klinikum-whv.de,www.klinikum-whv.de,Klinikum Wilhelmshaven gGmbH,https://www.destatis.de/DE/Themen/Gesellschaft-Umwelt/Gesundheit/Krankenhauser/Publikationen/Downloads-Krankenhaeuser/krankenhausverzeichnis-3500100237005.xlsx?__blob=publicationFile&v=2
Klinikum Wolfsburg,1,598.0,Wolfsburg,"Wolfsburg, Stadt",05361 80-0,info@klinikum.wolfsburg.de,www.klinikum-wolfsburg.de,Klinikum Wolfsburg,https://www.destatis.de/DE/Themen/Gesellschaft-Umwelt/Gesundheit/Krankenhauser/Publikationen/Downloads-Krankenhaeuser/krankenhausverzeichnis-3500100237005.xlsx?__blob=publicationFile&v=2
Krankenhaus Buchholz und Winsen gGmbH Krankenhaus Buchholz,1,304.0,Buchholz in der Nordheide,Harburg,04181 13-0,info@krankenhaus-buchholz.de,www.krankenhaus-buchholz.de,Krankenhaus Buchholz und Winsen gGmbH,https://www.destatis.de/DE/Themen/Gesellschaft-Umwelt/Gesundheit/Krankenhauser/Publikationen/Downloads-Krankenhaeuser/krankenhausverzeichnis-3500100237005.xlsx?__blob=publicationFile&v=2
Krankenhaus Buchholz und Winsen gGmbH Krankenhaus Winsen,1,255.0,Winsen (Luhe),Harburg,04171 13-0,info@krankenhaus-winsen.de,www.krankenhaus-winsen.de,Krankenhaus Buchholz und Winsen gGmbH,https://www.destatis.de/DE/Themen/Gesellschaft-Umwelt/Gesundheit/Krankenhauser/Publikationen/Downloads-Krankenhaeuser/krankenhausverzeichnis-3500100237005.xlsx?__blob=publicationFile&v=2
Krankenhaus Ginsterhof,1,140.0,"Rosengarten, Kreis Harburg",Harburg,04108 598-0,info@ginsterhof.de,www.ginsterhof.info,Evangelisches Krankenhaus Ginsterhof GmbH,https://www.destatis.de/DE/Themen/Gesellschaft-Umwelt/Gesundheit/Krankenhauser/Publikationen/Downloads-Krankenhaeuser/krankenhausverzeichnis-3500100237005.xlsx?__blob=publicationFile&v=2
Krankenhaus Johanneum,1,144.0,Wildeshausen,Oldenburg,04431 982-0,info@krankenhaus-johanneum.de,www.krankenhaus-johanneum.de,Stiftung Johanneum,https://www.destatis.de/DE/Themen/Gesellschaft-Umwelt/Gesundheit/Krankenhauser/Publikationen/Downloads-Krankenhaeuser/krankenhausverzeichnis-3500100237005.xlsx?__blob=publicationFile&v=2
Krankenhaus Land Hadeln,1,101.0,"Otterndorf, Niederelbe",Cuxhaven,04751 908-0,info@khlh.de,www.krankenhaus-land-hadeln.de,Krankenhaus Land Hadeln Otterndorf gGmbH,https://www.destatis.de/DE/Themen/Gesellschaft-Umwelt/Gesundheit/Krankenhauser/Publikationen/Downloads-Krankenhaeuser/krankenhausverzeichnis-3500100237005.xlsx?__blob=publicationFile&v=2
Krankenhaus Lindenbrunn,1,106.0,Coppenbrügge,Hameln-Pyrmont,05156 782-0,info@krankenhaus-lindenbrunn.de,www.krankenhaus-lindenbrunn.de,Krankenhaus Lindenbrunn,https://www.destatis.de/DE/Themen/Gesellschaft-Umwelt/Gesundheit/Krankenhauser/Publikationen/Downloads-Krankenhaeuser/krankenhausverzeichnis-3500100237005.xlsx?__blob=publicationFile&v=2
Krankenhaus Ludmillenstift Meppen,1,420.0,Meppen,Emsland,05931 152-0,info@ludmillenstift.de,www.ludmillenstift.de,Stiftung Ludmillenstift,https://www.destatis.de/DE/Themen/Gesellschaft-Umwelt/Gesundheit/Krankenhauser/Publikationen/Downloads-Krankenhaeuser/krankenhausverzeichnis-3500100237005.xlsx?__blob=publicationFile&v=2
Krankenhaus Norderney,1,64.0,Norderney,Aurich,04932 805-0,info@Krankenhaus-norderney.de,www.krankenhaus-norderney.de,Allergie- und Hautklinik gGmbH,https://www.destatis.de/DE/Themen/Gesellschaft-Umwelt/Gesundheit/Krankenhauser/Publikationen/Downloads-Krankenhaeuser/krankenhausverzeichnis-3500100237005.xlsx?__blob=publicationFile&v=2
Krankenhaus Rheiderland,1,60.0,Weener,Leer,04951 301-0,info@klinikum-leer.de,www.krankenhaus-rheiderland.de,Klinikum Leer gGmbH,https://www.destatis.de/DE/Themen/Gesellschaft-Umwelt/Gesundheit/Krankenhauser/Publikationen/Downloads-Krankenhaeuser/krankenhausverzeichnis-3500100237005.xlsx?__blob=publicationFile&v=2
Krankenhaus St. Elisabeth gGmbH,1,246.0,"Damme, Dümmer",Vechta,05491 60-1,info@krankenhaus-damme.de,www.krankenhaus-damme.de,Krankenhaus St. Elisabeth gGmbH,https://www.destatis.de/DE/Themen/Gesellschaft-Umwelt/Gesundheit/Krankenhauser/Publikationen/Downloads-Krankenhaeuser/krankenhausverzeichnis-3500100237005.xlsx?__blob=publicationFile&v=2
Krankenhaus Wittmund gGmbH,1,165.0,Wittmund,Wittmund,04462 8602,info@kh-wtm.de,www.kh-wtm.de,Krankenhaus Wittmund gGmbH,https://www.destatis.de/DE/Themen/Gesellschaft-Umwelt/Gesundheit/Krankenhauser/Publikationen/Downloads-Krankenhaeuser/krankenhausverzeichnis-3500100237005.xlsx?__blob=publicationFile&v=2
Kreiskrankenhaus Osterholz,1,128.0,Osterholz-Scharmbeck,Osterholz,04791 803-0,info@kkhohz.de,www.kreiskrankenhaus-osterholz.de,Kreiskrankenhaus Osterholz,https://www.destatis.de/DE/Themen/Gesellschaft-Umwelt/Gesundheit/Krankenhauser/Publikationen/Downloads-Krankenhaeuser/krankenhausverzeichnis-3500100237005.xlsx?__blob=publicationFile&v=2
Marienkrankenhaus Papenburg-Aschendorf GmbH,3,285.0,"Leer, Papenburg",Emsland,04961 93-0,info@marienkrankenhaus-papenburg.de,www.marienkrankenhaus-papenburg.de,Marienkrankenhaus Papenburg-Aschendorf GmbH,https://www.destatis.de/DE/Themen/Gesellschaft-Umwelt/Gesundheit/Krankenhauser/Publikationen/Downloads-Krankenhaeuser/krankenhausverzeichnis-3500100237005.xlsx?__blob=publicationFile&v=2
MediClin Hedon-Klinik,1,120.0,Lingen,Emsland,0591 918-0,info@hedon.mediclin.de,www.mediclin.de,Mediclin GmbH & Co. KG Zentralverwaltung,https://www.destatis.de/DE/Themen/Gesellschaft-Umwelt/Gesundheit/Krankenhauser/Publikationen/Downloads-Krankenhaeuser/krankenhausverzeichnis-3500100237005.xlsx?__blob=publicationFile&v=2
MediClin Klinikum Soltau,1,61.0,Soltau,Heidekreis,05191 800-0,info.klinikum-soltau@mediclin.de,www.mediclin.de,Mediclin GmbH & Co. KG Zentralverwaltung,https://www.destatis.de/DE/Themen/Gesellschaft-Umwelt/Gesundheit/Krankenhauser/Publikationen/Downloads-Krankenhaeuser/krankenhausverzeichnis-3500100237005.xlsx?__blob=publicationFile&v=2
MediClin Seepark Klinik Akutpsychosomatik Schwerpunkt Essstörungen,1,100.0,Bad Bodenteich,Uelzen,05824 21-0,akutpsychosomatik.seepark@mediclin.de,www.seepark-klinik.de,Mediclin GmbH & Co. KG Zentralverwaltung,https://www.destatis.de/DE/Themen/Gesellschaft-Umwelt/Gesundheit/Krankenhauser/Publikationen/Downloads-Krankenhaeuser/krankenhausverzeichnis-3500100237005.xlsx?__blob=publicationFile&v=2
Median Zentrum für Verhaltensmedizin Bad Pyrmont Fachkrankenhaus,1,73.0,Bad Pyrmont,Hameln-Pyrmont,05281 619-0,pyrmont-kontakt@median-kliniken.de,www.median-kliniken.de,MEDIAN West GmbH Zweigstelle Bad Pyrmont,https://www.destatis.de/DE/Themen/Gesellschaft-Umwelt/Gesundheit/Krankenhauser/Publikationen/Downloads-Krankenhaeuser/krankenhausverzeichnis-3500100237005.xlsx?__blob=publicationFile&v=2
Mediclin Deister-Weser-Klinik Akutpsychosomatik,1,54.0,Bad Münder am Deister,Hameln-Pyrmont,05042 600-0,info@dwk.mediclin.de,www.mediclin.de,Mediclin GmbH & Co. KG Zentralverwaltung,https://www.destatis.de/DE/Themen/Gesellschaft-Umwelt/Gesundheit/Krankenhauser/Publikationen/Downloads-Krankenhaeuser/krankenhausverzeichnis-3500100237005.xlsx?__blob=publicationFile&v=2
Medizinische Hochschule Hannover,4,1504.0,Hannover,Region Hannover,0511 532-0,pressestelle@mh-hannover.de,www.mh-hannover.de,Medizinische Hochschule Hannover,https://www.destatis.de/DE/Themen/Gesellschaft-Umwelt/Gesundheit/Krankenhauser/Publikationen/Downloads-Krankenhaeuser/krankenhausverzeichnis-3500100237005.xlsx?__blob=publicationFile&v=2
Niels-Stensen-Kliniken Bramsche,1,104.0,"Bramsche, Hase",Osnabrück,05461 805-0,info-nkb@niels-stensen-kliniken.de,www.niels-stensen-kliniken.de,Niels-Stensen-Kliniken,https://www.destatis.de/DE/Themen/Gesellschaft-Umwelt/Gesundheit/Krankenhauser/Publikationen/Downloads-Krankenhaeuser/krankenhausverzeichnis-3500100237005.xlsx?__blob=publicationFile&v=2
Niels-Stensen-Kliniken Christliches Klinikum Melle,1,233.0,"Melle, Wiehengeb",Osnabrück,05422 104-0,info@christliches-klinikum-melle.de,www.niels-stensen-kliniken.de,Niels-Stensen-Kliniken,https://www.destatis.de/DE/Themen/Gesellschaft-Umwelt/Gesundheit/Krankenhauser/Publikationen/Downloads-Krankenhaeuser/krankenhausverzeichnis-3500100237005.xlsx?__blob=publicationFile&v=2
Niels-Stensen-Kliniken Elisabeth-KrankenhausThuine,1,140.0,"Thuine, Emsland",Emsland,05902 951-0,info@krankenhaus-thuine.de,www.krankenhaus-thuine.de,Niels-Stensen-Kliniken,https://www.destatis.de/DE/Themen/Gesellschaft-Umwelt/Gesundheit/Krankenhauser/Publikationen/Downloads-Krankenhaeuser/krankenhausverzeichnis-3500100237005.xlsx?__blob=publicationFile&v=2
Niels-Stensen-Kliniken Franziskus Hospital Harderberg,1,325.0,Georgsmarienhütte,Osnabrück,0541 502-0,Verwaltung@franziskus.com,www.niels-stensen-kliniken.de,Klinikum St. Georg GmbH,https://www.destatis.de/DE/Themen/Gesellschaft-Umwelt/Gesundheit/Krankenhauser/Publikationen/Downloads-Krankenhaeuser/krankenhausverzeichnis-3500100237005.xlsx?__blob=publicationFile&v=2
Niels-Stensen-Kliniken Magdalenen-Klinik,1,24.0,Georgsmarienhütte,Osnabrück,0541 502-3500,info@magdalenen-klinik.de,www.niels-stensen-kliniken.de,Niels-Stensen-Kliniken,https://www.destatis.de/DE/Themen/Gesellschaft-Umwelt/Gesundheit/Krankenhauser/Publikationen/Downloads-Krankenhaeuser/krankenhausverzeichnis-3500100237005.xlsx?__blob=publicationFile&v=2
Niels-Stensen-Kliniken Marienhospital Ankum-Bersenbrück GmbH,1,53.0,Ankum,Osnabrück,05462 881-0,info@mha.de,www.mha.de,Niels-Stensen-Kliniken,https://www.destatis.de/DE/Themen/Gesellschaft-Umwelt/Gesundheit/Krankenhauser/Publikationen/Downloads-Krankenhaeuser/krankenhausverzeichnis-3500100237005.xlsx?__blob=publicationFile&v=2
Niels-Stensen-Kliniken Marienhospital Osnabrück,2,607.0,Osnabrück,"Osnabrück, Stadt",0541 326-0,information@mho.de,www.niels-stensen-kliniken.de,Niels-Stensen-Kliniken,https://www.destatis.de/DE/Themen/Gesellschaft-Umwelt/Gesundheit/Krankenhauser/Publikationen/Downloads-Krankenhaeuser/krankenhausverzeichnis-3500100237005.xlsx?__blob=publicationFile&v=2
Niels-Stensen-Kliniken St. Vinzenz-Hospital Haselünne,1,189.0,Haselünne,Emsland,05961 503-0,info-svh@niels-stensen-kliniken.de,www.krankenhaus-haseluenne.de,Niels-Stensen-Kliniken,https://www.destatis.de/DE/Themen/Gesellschaft-Umwelt/Gesundheit/Krankenhauser/Publikationen/Downloads-Krankenhaeuser/krankenhausverzeichnis-3500100237005.xlsx?__blob=publicationFile&v=2
Niels-Stensen-KlinikenKrankenhaus St. Raphael Ostercappeln,1,180.0,Ostercappeln,Osnabrück,05473 29-0,verwaltung@krankenhaus-st-raphael.de,www.niels-stensen-kliniken.de,Klinikum St. Georg GmbH,https://www.destatis.de/DE/Themen/Gesellschaft-Umwelt/Gesundheit/Krankenhauser/Publikationen/Downloads-Krankenhaeuser/krankenhausverzeichnis-3500100237005.xlsx?__blob=publicationFile&v=2
Nordwest-Krankenhaus Sanderbusch GmbH,1,355.0,Sande,Friesland,04422 80-0,info@friesland-kliniken.de,www.friesland-kliniken.de,Nordwest-Krankenhaus Sanderbusch GmbH,https://www.destatis.de/DE/Themen/Gesellschaft-Umwelt/Gesundheit/Krankenhauser/Publikationen/Downloads-Krankenhaeuser/krankenhausverzeichnis-3500100237005.xlsx?__blob=publicationFile&v=2
OsteMed Klinik Bremervörde,1,161.0,Bremervörde,Rotenburg (Wümme),04761 980-0,info@ostemed.de,www.ostemed.de,OsteMed Kliniken und Pflege GmbH,https://www.destatis.de/DE/Themen/Gesellschaft-Umwelt/Gesundheit/Krankenhauser/Publikationen/Downloads-Krankenhaeuser/krankenhausverzeichnis-3500100237005.xlsx?__blob=publicationFile&v=2
Paracelsus Klinik am Silbersee,1,128.0,Langenhagen,Region Hannover,0511 7794-0,langenhagen@paracelsus-kliniken.de,www.paracelsus-kliniken.de,Paracelsus-Kliniken Deutschland,https://www.destatis.de/DE/Themen/Gesellschaft-Umwelt/Gesundheit/Krankenhauser/Publikationen/Downloads-Krankenhaeuser/krankenhausverzeichnis-3500100237005.xlsx?__blob=publicationFile&v=2
Paulinenkrankenhaus,1,50.0,Bad Bentheim,Grafschaft Bentheim,05922 977-0,info@orthopaedie-badbentheim.de,www.orthopaedie-badbentheim.de,Stiftung Mathias Spital,https://www.destatis.de/DE/Themen/Gesellschaft-Umwelt/Gesundheit/Krankenhauser/Publikationen/Downloads-Krankenhaeuser/krankenhausverzeichnis-3500100237005.xlsx?__blob=publicationFile&v=2
Pius-Hospital,1,408.0,Oldenburg (Oldb.),"Oldenburg (Oldenburg), Stadt",0441 229-0,info@pius-hospital.de,www.pius-hospital.de,Pius Hospital,https://www.destatis.de/DE/Themen/Gesellschaft-Umwelt/Gesundheit/Krankenhauser/Publikationen/Downloads-Krankenhaeuser/krankenhausverzeichnis-3500100237005.xlsx?__blob=publicationFile&v=2
Privat-Nervenklinik Dr. med. Fontheim,3,280.0,"Goslar, Liebenburg, Salzgitter",Goslar,05346 81-0,info@klinik-dr-fontheim.de,www.klinik-dr-fontheim.de,Privat-Nervenklinik Dr. med. Kurt Fontheim GmbH & Co. KG,https://www.destatis.de/DE/Themen/Gesellschaft-Umwelt/Gesundheit/Krankenhauser/Publikationen/Downloads-Krankenhaeuser/krankenhausverzeichnis-3500100237005.xlsx?__blob=publicationFile&v=2
Privatklinik Bad Zwischenahn Fachklinik für Psychotherapeutische Medizin und Psychosomatik,1,23.0,Bad Zwischenahn,Ammerland,04403 97910,info@privatklinik-zwischenahn.de,www.privatklinik-zwischenahn.de,Privatklinik Bad Zwischenahn DFI GmbH & Co. KG,https://www.destatis.de/DE/Themen/Gesellschaft-Umwelt/Gesundheit/Krankenhauser/Publikationen/Downloads-Krankenhaeuser/krankenhausverzeichnis-3500100237005.xlsx?__blob=publicationFile&v=2
Psychiatrisch-Psychosomatische Klinik Celle,1,78.0,Celle,Celle,05141 5935-0,mail@warhrendorff.de,www.klinikum-celle.de,Klinikum Wahrendorff GmbH,https://www.destatis.de/DE/Themen/Gesellschaft-Umwelt/Gesundheit/Krankenhauser/Publikationen/Downloads-Krankenhaeuser/krankenhausverzeichnis-3500100237005.xlsx?__blob=publicationFile&v=2
Psychiatrische Klinik Lüneburg gemeinnützige GmbH,5,296.0,"Bad Bevensen, Buchholz in der Nordheide, Lüneburg, Soltau, Stade, Niederelbe",Lüneburg,04131 60-0,info@pk.lueneburg.de,www.pk.lueneburg.de,Gesundheitsholding Lüneburg GmbH,https://www.destatis.de/DE/Themen/Gesellschaft-Umwelt/Gesundheit/Krankenhauser/Publikationen/Downloads-Krankenhaeuser/krankenhausverzeichnis-3500100237005.xlsx?__blob=publicationFile&v=2
Psychiatrische Klinik Uelzen gGmbH,2,96.0,"Dannenberg (Elbe), Uelzen, Lüneburger Heide",Uelzen,0581 3895-0,info@pk-uelzen.de,www.pk-uelzen.de,Psychiatrische Klinik Uelzen gGmbH,https://www.destatis.de/DE/Themen/Gesellschaft-Umwelt/Gesundheit/Krankenhauser/Publikationen/Downloads-Krankenhaeuser/krankenhausverzeichnis-3500100237005.xlsx?__blob=publicationFile&v=2
Sana Klinikum Hameln-Pyrmont,1,348.0,Hameln,Hameln-Pyrmont,05151 97-0,info@sana-hm.de,www.sana-hm.de,Gesundheitseinrichtungen Hameln-Pyrmont GmbH,https://www.destatis.de/DE/Themen/Gesellschaft-Umwelt/Gesundheit/Krankenhauser/Publikationen/Downloads-Krankenhaeuser/krankenhausverzeichnis-3500100237005.xlsx?__blob=publicationFile&v=2
Schüchtermann-Klinik,1,212.0,Bad Rothenfelde,Osnabrück,05424 641-0,info@schuechtermann-klinik.de,www.schuechtermann-klinik.de,Schüchtermann-Schiller'sche Kliniken Bad RothenfeldeGmbH & Co. KG,https://www.destatis.de/DE/Themen/Gesellschaft-Umwelt/Gesundheit/Krankenhauser/Publikationen/Downloads-Krankenhaeuser/krankenhausverzeichnis-3500100237005.xlsx?__blob=publicationFile&v=2
Sophien-Klinik GmbH,1,117.0,Hannover,Region Hannover,0511 3667-0,info@sophienklinik.de,www.sophienklinik.de,Sophien-Klinik GmbH,https://www.destatis.de/DE/Themen/Gesellschaft-Umwelt/Gesundheit/Krankenhauser/Publikationen/Downloads-Krankenhaeuser/krankenhausverzeichnis-3500100237005.xlsx?__blob=publicationFile&v=2
St. Anna Klinik,1,127.0,Löningen,Cloppenburg,05432 969-0,info@anna-klinik.de,www.anna-klinik.de,St. Anna Klinik gemeinützige GmbH,https://www.destatis.de/DE/Themen/Gesellschaft-Umwelt/Gesundheit/Krankenhauser/Publikationen/Downloads-Krankenhaeuser/krankenhausverzeichnis-3500100237005.xlsx?__blob=publicationFile&v=2
St. Bernhard-Hospital,1,109.0,Brake (Unterweser),Wesermarsch,04401 105-0,info@sbhospital.de,www.sbhospital.de,St. Bernhard Hospital gGmbH,https://www.destatis.de/DE/Themen/Gesellschaft-Umwelt/Gesundheit/Krankenhauser/Publikationen/Downloads-Krankenhaeuser/krankenhausverzeichnis-3500100237005.xlsx?__blob=publicationFile&v=2
St. Bernward Krankenhaus,1,508.0,Hildesheim,Hildesheim,05121 90-0,info@bernward-khs.de,www.bernward-khs.de,St. Bernward KrankenhausGmbH,https://www.destatis.de/DE/Themen/Gesellschaft-Umwelt/Gesundheit/Krankenhauser/Publikationen/Downloads-Krankenhaeuser/krankenhausverzeichnis-3500100237005.xlsx?__blob=publicationFile&v=2
St. Bonifatius Hospital,1,454.0,Lingen,Emsland,0591 910-0,info@bonifatius-lingen.de,www.bonifatius-hospital-lingen.de,St. Bonifatius Hospital Lingen gGmbH,https://www.destatis.de/DE/Themen/Gesellschaft-Umwelt/Gesundheit/Krankenhauser/Publikationen/Downloads-Krankenhaeuser/krankenhausverzeichnis-3500100237005.xlsx?__blob=publicationFile&v=2
St. Elisabeth-Krankenhaus Salzgitter gemeinützige Gesellschaft mbH,1,108.0,Salzgitter,"Salzgitter, Stadt",05341 824-0,kontakt@st-elisabeth-sz.de,www.st-elisabeth-sz.de,St. Elisabeth-Krankenhaus Salzgitter gemeinützige Gesellschaft mbH,https://www.destatis.de/DE/Themen/Gesellschaft-Umwelt/Gesundheit/Krankenhauser/Publikationen/Downloads-Krankenhaeuser/krankenhausverzeichnis-3500100237005.xlsx?__blob=publicationFile&v=2
St. Franziskus Hospital gGmbH,1,216.0,Lohne,Vechta,04442 810,info@krankenhaus-lohne.de,www.krankenhaus-lohne.de,St. Franziskus Hospital gGmbH,https://www.destatis.de/DE/Themen/Gesellschaft-Umwelt/Gesundheit/Krankenhauser/Publikationen/Downloads-Krankenhaeuser/krankenhausverzeichnis-3500100237005.xlsx?__blob=publicationFile&v=2
St. Johannes-Hospital,1,155.0,"Varel, Jadebusen",Friesland,04451 920-0,postoffice@krankenhaus-varel.de,www.krankenhaus-varel.de,St. Johannes Hospital gGmbH,https://www.destatis.de/DE/Themen/Gesellschaft-Umwelt/Gesundheit/Krankenhauser/Publikationen/Downloads-Krankenhaeuser/krankenhausverzeichnis-3500100237005.xlsx?__blob=publicationFile&v=2
St. Marien Hospital gGmbH,1,115.0,Friesoythe,Cloppenburg,04491 940-0,info@smhf.de,www.marienstift-friesoythe.de,St. Marien-Stift,https://www.destatis.de/DE/Themen/Gesellschaft-Umwelt/Gesundheit/Krankenhauser/Publikationen/Downloads-Krankenhaeuser/krankenhausverzeichnis-3500100237005.xlsx?__blob=publicationFile&v=2
St. Marienhospital Vechta gGmbH,1,344.0,Vechta,Vechta,04441 99-0,info@marienhospital-vechta.de,www.marienhospital-vechta.de,St. Marienhospital Vechta gGmbH,https://www.destatis.de/DE/Themen/Gesellschaft-Umwelt/Gesundheit/Krankenhauser/Publikationen/Downloads-Krankenhaeuser/krankenhausverzeichnis-3500100237005.xlsx?__blob=publicationFile&v=2
St. Martini gGmbH,1,177.0,Duderstadt,Göttingen,05527 842-0,info@elisabeth-vinzenz.de,www.elisabeth-vinzenz.de,St. Martini gGmbH,https://www.destatis.de/DE/Themen/Gesellschaft-Umwelt/Gesundheit/Krankenhauser/Publikationen/Downloads-Krankenhaeuser/krankenhausverzeichnis-3500100237005.xlsx?__blob=publicationFile&v=2
St.-Josefs-Hospital Cloppenburg gGmbH,1,247.0,Cloppenburg,Cloppenburg,04471 16-0,verwaltung@kh-clp.de,www.krankenhaus-cloppenburg.de,St.-Josefs-Hospital Cloppenburg gGmbH,https://www.destatis.de/DE/Themen/Gesellschaft-Umwelt/Gesundheit/Krankenhauser/Publikationen/Downloads-Krankenhaeuser/krankenhausverzeichnis-3500100237005.xlsx?__blob=publicationFile&v=2
Stenum Fachklinik für Orthopädie,1,55.0,Ganderkesee,Oldenburg,04223 71-0,gesund@stenum-ortho.de,www.stenum-ortho.de,Stenum Ortho GmbH,https://www.destatis.de/DE/Themen/Gesellschaft-Umwelt/Gesundheit/Krankenhauser/Publikationen/Downloads-Krankenhaeuser/krankenhausverzeichnis-3500100237005.xlsx?__blob=publicationFile&v=2
Städtisches Klinikum Braunschweig,3,1076.0,Braunschweig,"Braunschweig, Stadt",0531 595-0,info@klinikum-braunschweig.de,www.klinikum-braunschweig.de,Städtisches Klinikum Braunschweig gGmbH,https://www.destatis.de/DE/Themen/Gesellschaft-Umwelt/Gesundheit/Krankenhauser/Publikationen/Downloads-Krankenhaeuser/krankenhausverzeichnis-3500100237005.xlsx?__blob=publicationFile&v=2
Städtisches Klinikum Lüneburg gGmbH,1,567.0,Lüneburg,Lüneburg,04131 77-0,info@klinikum-lueneburg.de,www.klinikum-lueneburg.de,Städtisches Klinikum Lüneburg gGmbH,https://www.destatis.de/DE/Themen/Gesellschaft-Umwelt/Gesundheit/Krankenhauser/Publikationen/Downloads-Krankenhaeuser/krankenhausverzeichnis-3500100237005.xlsx?__blob=publicationFile&v=2
Städtisches Klinikum Wolfenbüttel gGmbH,1,301.0,Wolfenbüttel,Wolfenbüttel,05331 934-0,info@klinikum-wolfenbuettel.de,www.klinikum-wolfenbuettel.de,Städtisches Klinikum Wolfenbüttel gGmbH,https://www.destatis.de/DE/Themen/Gesellschaft-Umwelt/Gesundheit/Krankenhauser/Publikationen/Downloads-Krankenhaeuser/krankenhausverzeichnis-3500100237005.xlsx?__blob=publicationFile&v=2
Ubbo-Emmius-Klinik Aurich,1,333.0,Aurich (Ostfriesland),Aurich,04941 94-0,verwaltungsdirektion@u-e-k.de,www.u-e-k.de,Ubbo-Emmius-Klinik gGmbH Ostfriesisches Krankenhaus,https://www.destatis.de/DE/Themen/Gesellschaft-Umwelt/Gesundheit/Krankenhauser/Publikationen/Downloads-Krankenhaeuser/krankenhausverzeichnis-3500100237005.xlsx?__blob=publicationFile&v=2
Ubbo-Emmius-Klinik gGmbH Klinik Norden,1,223.0,Norden,Aurich,04931 181-0,n-verw@u-e-k.de,www.u-e-k.de,Ubbo-Emmius-Klinik gGmbH Ostfriesisches Krankenhaus,https://www.destatis.de/DE/Themen/Gesellschaft-Umwelt/Gesundheit/Krankenhauser/Publikationen/Downloads-Krankenhaeuser/krankenhausverzeichnis-3500100237005.xlsx?__blob=publicationFile&v=2
Universitätsmedizin Göttingen,1,1503.0,Göttingen,Göttingen,0551 39-0,,www.universitaetsmedizin-goettingen.de,Universitätsmedizin Göttingen Stiftung öffentlichen Rechts G3-1 Geschäftsbereich Finanzen,https://www.destatis.de/DE/Themen/Gesellschaft-Umwelt/Gesundheit/Krankenhauser/Publikationen/Downloads-Krankenhaeuser/krankenhausverzeichnis-3500100237005.xlsx?__blob=publicationFile&v=2
Venenzentrum Braunschweig,2,28.0,Braunschweig,"Braunschweig, Stadt",0531 707080,info@venenzentrum-bs.de,www.venenzentrum-braunschweig.de,Venenzentrum Braunschweig GmbH,https://www.destatis.de/DE/Themen/Gesellschaft-Umwelt/Gesundheit/Krankenhauser/Publikationen/Downloads-Krankenhaeuser/krankenhausverzeichnis-3500100237005.xlsx?__blob=publicationFile&v=2
Vinzenzkrankenhaus,1,306.0,Hannover,Region Hannover,0511 950-0,info@vinzenzkrankenhaus.de,www.vinzenzkrankenhaus.de,Vinzenzkrankenhaus Hannover gGmbH,https://www.destatis.de/DE/Themen/Gesellschaft-Umwelt/Gesundheit/Krankenhauser/Publikationen/Downloads-Krankenhaeuser/krankenhausverzeichnis-3500100237005.xlsx?__blob=publicationFile&v=2
Waldklinik Jesteburg,1,75.0,Jesteburg,Harburg,04183 799-0,info@waldklinik-jesteburg.de,www.waldklinik-jesteburg.de,Waldklinik Jesteburg Aldag GmbH & Co. KG,https://www.destatis.de/DE/Themen/Gesellschaft-Umwelt/Gesundheit/Krankenhauser/Publikationen/Downloads-Krankenhaeuser/krankenhausverzeichnis-3500100237005.xlsx?__blob=publicationFile&v=2
